Project_ID,Organization,Short_project_description,Year_technical_go_live,Organisation_profile,Business_domain,Development_method,Primary_programming_language,Development_class,Functional_size_FP,Actual_duration_months,Actual_cost_EUR,Release_based_working,Once_only_project,Multi_application_release,Phased_project,Dependencies_with_other_applications,Single_application,Migration_project,Problems_with_external_supplier,Security_related_project,Package_of_the_shelf,Package_with_customization,Steady_heartbeat,Fixed_experienced_team,Many_team_changes_unexperienced_team,Legacy_application,Technology_driven_project,Rules_and_regulations_driven_project,Business_driven_project,Pilot_or_proof_of_concept
267.0,Bank A,Maintenance project on an existing savings application; Savings Continuity Interest Points,2011.0,Banking,Savings & Loans,Plan-driven,JAVA,Minor Enhancement (5-25% new),18.0,5.0,146000.0,0.0,1.0,0.0,0.0,0.0,1.0,0.0,0.0,0.0,0.0,0.0,0.0,0.0,0.0,0.0,0.0,0.0,1.0,0.0
322.0,Beltel,Maintenance and enhancements project on an existing internet application; fixed price based on pre-project proposal; build and test performed by Indian supplier with strategic outsourcing agreement with Beltel; projectteam with members in Belgium and India; Corrections on BIA tool,2012.0,Telecommunications,Internet & Mobile,Plan-driven,JAVA,Major Enhancement (25-75% new),72.0,5.52,41800.0,0.0,0.0,1.0,0.0,0.0,1.0,0.0,0.0,0.0,0.0,0.0,0.0,0.0,0.0,0.0,1.0,0.0,0.0,0.0
306.0,Bank A,Maintenance and new functionality project on an existing intranet application; Intranet Priority 1 Search Engine,2012.0,Banking,Organization,Plan-driven,JAVA,Conversion (<5% new),191.0,19.32,374140.0,0.0,1.0,0.0,0.0,0.0,1.0,0.0,0.0,0.0,0.0,1.0,0.0,0.0,0.0,0.0,0.0,0.0,1.0,0.0
307.0,Bank A,Maintenance and new functionality project on an existing finance & risk application; Paddock,2012.0,Banking,Finance & Risk,Plan-driven,JAVA,Major Enhancement (25-75% new),702.0,23.32,551140.0,0.0,1.0,0.0,0.0,0.0,1.0,0.0,0.0,0.0,0.0,1.0,0.0,0.0,0.0,0.0,0.0,0.0,1.0,0.0
269.0,Bank A,Maintenance and enhancement project on an existing savings application; Savings Harmonize Business,2011.0,Banking,Savings & Loans,Plan-driven,JAVA,Minor Enhancement (5-25% new),53.0,14.04,235800.0,0.0,1.0,0.0,0.0,0.0,1.0,0.0,0.0,0.0,0.0,0.0,0.0,0.0,0.0,0.0,0.0,0.0,1.0,0.0
305.0,Bank A,Maintenance and new functionality project on an existing intranet application; Intranet Priority 3 Collaboration (BUZZ 1.0),2012.0,Banking,Organization,Plan-driven,JAVA,New Development,577.0,16.48,582370.0,0.0,1.0,0.0,0.0,0.0,1.0,0.0,0.0,0.0,0.0,1.0,0.0,0.0,0.0,0.0,0.0,0.0,1.0,1.0
348.0,Bank A,"Maintenance, enhancements and new functionality release on an existing payments application; Loan IQ Finance Interface Phase 2",2012.0,Banking,Payments,Plan-driven,JAVA,Major Enhancement (25-75% new),314.0,10.99,1100000.0,0.0,0.0,0.0,1.0,0.0,1.0,0.0,0.0,0.0,0.0,0.0,0.0,0.0,0.0,0.0,1.0,0.0,0.0,0.0
253.0,Bank A,Maintenance and new functionality project on an existing data warehouse application; part of a large customer migration program; Private Banking Target Landscape,2011.0,Banking,Data Warehouse & BI,Plan-driven,JAVA,Major Enhancement (25-75% new),275.0,6.77,175000.0,0.0,0.0,0.0,1.0,1.0,0.0,1.0,0.0,0.0,0.0,0.0,0.0,1.0,0.0,0.0,0.0,1.0,0.0,0.0
309.0,Bank A,Maintenance and new functionality project on an existing intranet application; Buzz Collaboration Application 2.0,2012.0,Banking,Organization,Plan-driven,JAVA,New Development,444.0,11.94,599820.0,0.0,1.0,0.0,0.0,0.0,1.0,0.0,0.0,0.0,0.0,1.0,0.0,0.0,0.0,0.0,0.0,0.0,1.0,0.0
338.0,Bank A,Maintenance and enhancements project on an existing payments application; part of a (phased) program; Loan IQ Finance Interface Phase 1,2011.0,Banking,Payments,Plan-driven,COBOL,New Development,299.0,10.04,806510.0,0.0,0.0,0.0,1.0,0.0,1.0,0.0,0.0,0.0,0.0,0.0,0.0,0.0,0.0,0.0,1.0,0.0,0.0,0.0
337.0,Bank A,Maintenance and enhancements release on an existing payments application; part of a (phased) program; Uniform RC Phase ll,2011.0,Banking,Payments,Plan-driven,COBOL,Minor Enhancement (5-25% new),254.0,17.95,609000.0,0.0,0.0,0.0,1.0,0.0,1.0,0.0,0.0,0.0,0.0,0.0,0.0,0.0,0.0,0.0,0.0,0.0,1.0,0.0
211.0,Bank A,Maintenance and new functionality project on an existing internet customer advisory application; Functionality Meastro & Third Party Accounts (R5),2011.0,Banking,Internet & Mobile,Plan-driven,JAVA,Minor Enhancement (5-25% new),106.0,11.4,483160.0,0.0,0.0,0.0,1.0,1.0,0.0,0.0,0.0,0.0,0.0,1.0,0.0,1.0,0.0,0.0,0.0,0.0,1.0,0.0
268.0,Bank A,Maintenance and new functionality project on an existing customer information management application; part of a large customer migration program; Private Banking Client Administration Migration,2011.0,Banking,Client and Account Management,Plan-driven,JAVA,New Development,494.0,12.8,3694220.0,0.0,0.0,0.0,1.0,1.0,0.0,1.0,0.0,0.0,0.0,0.0,0.0,0.0,0.0,1.0,0.0,1.0,0.0,0.0
314.0,Beltel,New functionality project on an new CRM application; fixed price based on pre-project proposal; build and test performed by Indian supplier with strategic outsourcing agreement with Beltel; projectteam with members in Belgium and India; part of a large (phased) program; Customer Zone Phase 1,2012.0,Telecommunications,Client and Account Management,Plan-driven,JAVA,New Development,1089.0,24.16,1600000.0,0.0,0.0,1.0,0.0,1.0,0.0,0.0,1.0,0.0,0.0,1.0,0.0,0.0,0.0,0.0,0.0,0.0,1.0,0.0
323.0,Beltel,Maintenance and enhancements project on an existing internet application that is used in Telecom shops; fixed price based on pre-project proposal; build and test performed by Indian supplier with strategic outsourcing agreement with Beltel; projectteam with members in Belgium and India; Modify Shop Login,2012.0,Telecommunications,Client and Account Management,Plan-driven,JAVA,New Development,72.0,11.35,291000.0,0.0,0.0,1.0,0.0,0.0,1.0,0.0,0.0,0.0,0.0,0.0,0.0,0.0,0.0,0.0,0.0,0.0,1.0,0.0
345.0,Bank A,"Maintenance, enhancements and new functionality release on an existing payments application; E-Custody",2012.0,Banking,Payments,Plan-driven,COBOL,Major Enhancement (25-75% new),780.0,22.94,1029100.0,0.0,1.0,0.0,0.0,0.0,1.0,0.0,0.0,0.0,0.0,0.0,0.0,0.0,0.0,0.0,0.0,0.0,1.0,0.0
310.0,Bank A,Maintenance and new functionality project on an existing finance & risk application; Upgrade eProfit,2012.0,Banking,Finance & Risk,Plan-driven,JAVA,New Development,3603.0,20.68,4670000.0,0.0,1.0,0.0,0.0,0.0,1.0,0.0,0.0,0.0,0.0,1.0,0.0,0.0,0.0,0.0,0.0,0.0,1.0,0.0
260.0,Bank A,Maintenance and enhancement project on an existing client and accountmanagement application; Payments Private Banking Migration Debit Cards,2011.0,Banking,Client and Account Management,Plan-driven,JAVA,Major Enhancement (25-75% new),24.0,8.81,132130.0,0.0,1.0,0.0,0.0,1.0,0.0,1.0,0.0,0.0,0.0,0.0,0.0,0.0,0.0,1.0,1.0,0.0,0.0,0.0
243.0,Bank A,Maintenance project on an existing savings application; CK Endings Procedure Savings Credits,2011.0,Banking,Savings & Loans,Plan-driven,JAVA,Conversion (<5% new),13.0,8.09,107030.0,0.0,1.0,0.0,0.0,0.0,1.0,0.0,0.0,0.0,0.0,0.0,0.0,0.0,0.0,0.0,1.0,0.0,0.0,0.0
326.0,Beltel,Maintenance project on an existing CRM application; fixed price based on pre-project proposal; build and test performed by Indian supplier with strategic outsourcing agreement with Beltel; projectteam with members in Belgium and India; E-mail Upload,2013.0,Telecommunications,Client and Account Management,Plan-driven,JAVA,Major Enhancement (25-75% new),38.0,9.68,40000.0,0.0,0.0,1.0,0.0,0.0,1.0,0.0,0.0,0.0,0.0,0.0,0.0,0.0,0.0,0.0,0.0,0.0,1.0,0.0
92.0,Bank B,Integration Other Bank's customers - CRM,2010.0,Banking,Savings & Loans,Plan-driven,JAVA,New Development,83.0,11.1,257400.0,0.0,1.0,0.0,0.0,0.0,1.0,1.0,0.0,0.0,0.0,0.0,0.0,0.0,0.0,0.0,1.0,0.0,0.0,0.0
327.0,Beltel,New and enhanced functionality project on an existing Billing application; fixed price based on pre-project proposal; build and test performed by Indian supplier with strategic outsourcing agreement with Beltel; projectteam with members in Belgium and India; New Prepaid Termination Process,2013.0,Telecommunications,Client and Account Management,Plan-driven,JAVA,New Development,31.0,26.84,235000.0,0.0,0.0,1.0,0.0,0.0,1.0,0.0,0.0,0.0,0.0,0.0,0.0,0.0,1.0,0.0,1.0,0.0,0.0,0.0
115.0,Bank B,Maintenance and new functionality release on one application RGS PLC Part 1 and 2,2011.0,Banking,Payments,Plan-driven,COBOL,Minor Enhancement (5-25% new),202.0,6.37,688589.0,0.0,0.0,0.0,1.0,0.0,1.0,0.0,0.0,0.0,0.0,0.0,0.0,0.0,0.0,0.0,0.0,0.0,0.0,0.0
357.0,Beltel,Maintenance and enhancements project on an existing Billing application; fixed price based on pre-project proposal; build and test performed by Indian supplier with strategic outsourcing agreement with Beltel; projectteam with members in Belgium and India; Changes Invoices,2013.0,Telecommunications,Billing,Plan-driven,JAVA,Major Enhancement (25-75% new),51.0,17.09,324000.0,0.0,0.0,1.0,0.0,1.0,0.0,0.0,0.0,0.0,0.0,0.0,0.0,0.0,0.0,0.0,0.0,0.0,1.0,0.0
226.0,Bank A,Maintenance and new functionality project on an existing client and accountmanagement application; a.o. interface with existing mortgage application,2010.0,Banking,Client and Account Management,Plan-driven,JAVA,New Development,148.0,11.73,443610.0,0.0,1.0,0.0,0.0,0.0,1.0,0.0,0.0,0.0,0.0,0.0,0.0,0.0,0.0,0.0,0.0,0.0,0.0,0.0
332.0,Bank A,Maintenance and enhancements project on an existing payments application; SAM Foreign Currency Intraday Reporting,2011.0,Banking,Payments,Plan-driven,COBOL,Minor Enhancement (5-25% new),112.0,7.83,248700.0,0.0,1.0,0.0,0.0,0.0,1.0,0.0,0.0,0.0,0.0,0.0,0.0,0.0,0.0,1.0,0.0,0.0,1.0,0.0
107.0,Bank B,Realization External Payments Account,2011.0,Banking,Payments,Plan-driven,COBOL,Major Enhancement (25-75% new),122.0,4.8,375950.0,0.0,1.0,0.0,0.0,0.0,1.0,0.0,0.0,0.0,0.0,0.0,0.0,0.0,0.0,0.0,0.0,0.0,1.0,0.0
124.0,Bank B,Maintenance and new functionality release on one application CRMi 19,2011.0,Banking,Organization,Plan-driven,FOCUS,Major Enhancement (25-75% new),65.0,3.3,259144.0,0.0,1.0,0.0,0.0,0.0,1.0,0.0,0.0,0.0,0.0,0.0,0.0,0.0,0.0,0.0,0.0,0.0,0.0,0.0
207.0,Bank A,Maintenance and new functionality project on an existing client and accountmanagement application; phased project; Implementation Record Retention Phase 2,2011.0,Banking,Client and Account Management,Plan-driven,JAVA,Major Enhancement (25-75% new),163.0,25.9,783840.0,0.0,0.0,0.0,1.0,0.0,1.0,0.0,0.0,0.0,0.0,0.0,0.0,0.0,0.0,0.0,1.0,0.0,0.0,0.0
94.0,Bank B,Maintenance and new functionality release on one application ProFire4,2010.0,Banking,Organization,Plan-driven,4th Generation,New Development,61.0,10.57,323633.0,0.0,1.0,0.0,0.0,0.0,1.0,0.0,0.0,0.0,0.0,0.0,0.0,0.0,0.0,0.0,0.0,0.0,0.0,0.0
125.0,Bank B,Renewal Search Engine Webapplication,2011.0,Banking,Organization,Plan-driven,.NET,Major Enhancement (25-75% new),100.0,8.07,290266.0,0.0,1.0,0.0,0.0,0.0,1.0,0.0,0.0,0.0,0.0,0.0,0.0,0.0,0.0,0.0,0.0,0.0,1.0,0.0
101.0,Bank B,Maintenance and new functionality release on one application CRM IVO 2A plus,2011.0,Banking,Payments,Plan-driven,COBOL,Minor Enhancement (5-25% new),48.0,12.61,274500.0,0.0,1.0,0.0,0.0,0.0,0.0,0.0,0.0,0.0,0.0,0.0,0.0,0.0,0.0,0.0,0.0,0.0,0.0,0.0
120.0,Bank B,ROH Calculation Tools 6.0,2011.0,Banking,Finance & Risk,Plan-driven,.NET,Minor Enhancement (5-25% new),93.0,6.0,265122.0,0.0,1.0,0.0,0.0,0.0,1.0,0.0,0.0,0.0,0.0,0.0,0.0,0.0,0.0,0.0,0.0,0.0,0.0,0.0
195.0,Bank A,New functionality release on an existing (new) application for advisory to customers in the Bank's internet environment; New Functionalities (R4),2011.0,Banking,Internet & Mobile,Plan-driven,JAVA,Minor Enhancement (5-25% new),228.0,7.72,219820.0,0.0,0.0,0.0,1.0,0.0,1.0,0.0,0.0,0.0,0.0,1.0,0.0,1.0,0.0,0.0,0.0,0.0,1.0,0.0
228.0,Bank A,Maintenance and new functionality project on an existing internet application; part of a large customer migration program; Savings Private Banking Internet Workpackage,2011.0,Banking,Internet & Mobile,Plan-driven,JAVA,Minor Enhancement (5-25% new),58.0,6.0,146160.0,0.0,0.0,0.0,1.0,1.0,0.0,1.0,0.0,0.0,0.0,0.0,0.0,0.0,0.0,0.0,1.0,0.0,0.0,0.0
232.0,Bank A,Maintenance and new functionality project on an existing savings and loans application; Savings Migration Functionality,2011.0,Banking,Savings & Loans,Plan-driven,JAVA,Minor Enhancement (5-25% new),101.0,18.84,1712510.0,0.0,0.0,0.0,1.0,0.0,1.0,1.0,0.0,0.0,0.0,0.0,0.0,0.0,0.0,0.0,1.0,0.0,0.0,0.0
141.0,Bank A,Maintenance on existing application; CSRF (Counter Measures),2010.0,Banking,Internet & Mobile,Plan-driven,.NET,New Development,20.0,12.69,261900.0,0.0,1.0,0.0,0.0,0.0,1.0,0.0,0.0,1.0,0.0,0.0,0.0,0.0,0.0,0.0,1.0,0.0,0.0,0.0
188.0,Bank A,New functionality on Help with Filling Out Taks Form in the Bank's internet environment,2011.0,Banking,Internet & Mobile,Scrum,JAVA,New Development,25.0,4.27,134316.0,0.0,1.0,0.0,0.0,0.0,1.0,0.0,0.0,0.0,0.0,0.0,0.0,0.0,0.0,0.0,0.0,1.0,0.0,0.0
52.0,Bank B,Replavement PEGA SEPA DD,2011.0,Banking,Payments,Plan-driven,.NET,New Development,65.0,4.19,556733.0,0.0,1.0,0.0,0.0,0.0,0.0,0.0,0.0,0.0,0.0,0.0,0.0,0.0,0.0,0.0,1.0,0.0,0.0,0.0
148.0,Bank A,Enhancements and new functionality release on an existing callcenter application; sub-project of a large customer migration program; part OV,2010.0,Banking,Call Center Solutions,Plan-driven,COBOL,Minor Enhancement (5-25% new),59.0,5.39,170800.0,0.0,0.0,0.0,1.0,1.0,0.0,1.0,0.0,0.0,0.0,0.0,0.0,0.0,0.0,0.0,0.0,0.0,0.0,0.0
109.0,Bank B,Cockpits Business Objects,2011.0,Banking,Organization,Scrum,CLIPPER,New Development,394.0,6.53,442044.0,0.0,1.0,0.0,0.0,0.0,0.0,0.0,0.0,0.0,0.0,0.0,0.0,0.0,0.0,0.0,0.0,0.0,1.0,0.0
135.0,Bank A,Maintenance and new functionality related to security in internet environment; PSD Internet Security,2009.0,Banking,Internet & Mobile,Plan-driven,.NET,Minor Enhancement (5-25% new),130.0,8.7,542100.0,0.0,1.0,0.0,0.0,0.0,1.0,0.0,0.0,1.0,0.0,0.0,0.0,0.0,0.0,0.0,1.0,0.0,0.0,0.0
264.0,Bank A,Maintenance and new functionality project on an existing client and accountmanagement application; part of a large customer migration program; rules and regulations driven project; Private Banking Basel II,2011.0,Banking,Client and Account Management,Plan-driven,JAVA,Minor Enhancement (5-25% new),106.0,7.14,265650.0,0.0,0.0,0.0,1.0,1.0,0.0,1.0,0.0,0.0,0.0,0.0,0.0,0.0,0.0,1.0,0.0,1.0,0.0,0.0
227.0,Bank A,New functionality project on an existing internet application; Name-Number Check in Internet Banking,2011.0,Banking,Internet & Mobile,Plan-driven,.NET,New Development,150.0,10.59,249060.0,0.0,1.0,0.0,0.0,0.0,1.0,0.0,0.0,1.0,0.0,0.0,0.0,0.0,0.0,0.0,1.0,0.0,0.0,0.0
102.0,Bank B,Maintenance and new functionality release on one application Realisation eZeZa,2010.0,Banking,Client and Account Management,Scrum,JAVA,New Development,54.0,4.61,932144.0,0.0,1.0,0.0,0.0,0.0,1.0,0.0,0.0,0.0,0.0,0.0,0.0,0.0,0.0,0.0,0.0,0.0,0.0,0.0
275.0,Bank A,Maintenance and new functionality project on an existing internet application; part of a phased program; Procuration 2 Phase 3,2011.0,Banking,Internet & Mobile,Plan-driven,JAVA,New Development,62.0,3.8,181610.0,0.0,0.0,0.0,1.0,0.0,1.0,0.0,0.0,0.0,0.0,0.0,0.0,0.0,0.0,0.0,0.0,0.0,0.0,0.0
210.0,Bank A,Maintenance and new functionality project on an existing callcenter application; Multi-Channel Forms R0,2011.0,Banking,Call Center Solutions,RUP,JAVA,Minor Enhancement (5-25% new),167.0,15.11,2011090.0,0.0,0.0,0.0,1.0,0.0,1.0,0.0,0.0,0.0,0.0,0.0,0.0,0.0,0.0,0.0,1.0,0.0,0.0,1.0
67.0,Bank B,BML Risk Management RMT,2010.0,Banking,Organization,Plan-driven,SQL,Major Enhancement (25-75% new),531.0,4.0,381956.0,0.0,1.0,0.0,0.0,0.0,0.0,0.0,0.0,0.0,0.0,0.0,0.0,0.0,0.0,0.0,0.0,0.0,0.0,0.0
54.0,Bank B,Extended Duration Treasury Vanguard - EDV Renewal Investment Research,2009.0,Banking,Savings & Loans,Plan-driven,.NET,Minor Enhancement (5-25% new),497.0,4.0,312789.0,0.0,0.0,0.0,1.0,0.0,0.0,0.0,0.0,0.0,0.0,0.0,0.0,0.0,0.0,0.0,1.0,0.0,0.0,0.0
262.0,Bank A,Maintenance and new functionality project on an existing savings application; VIA Savings,2011.0,Banking,Savings & Loans,Plan-driven,JAVA,Minor Enhancement (5-25% new),258.0,14.04,647150.0,0.0,1.0,0.0,0.0,0.0,1.0,0.0,0.0,0.0,0.0,0.0,0.0,0.0,0.0,0.0,0.0,0.0,1.0,0.0
265.0,Bank A,Maintenance and new functionality project on an existing internet application; IFM Internet Banking Functionality,2011.0,Banking,Internet & Mobile,Plan-driven,JAVA,Conversion (<5% new),83.0,6.43,227380.0,0.0,1.0,0.0,0.0,1.0,0.0,0.0,0.0,0.0,0.0,0.0,0.0,0.0,0.0,0.0,0.0,0.0,0.0,0.0
73.0,Bank B,Yearly Work 2010 on one application,2011.0,Banking,Payments,Plan-driven,COBOL,New Development,126.0,7.52,663678.0,0.0,1.0,0.0,0.0,0.0,0.0,0.0,0.0,0.0,0.0,0.0,0.0,0.0,0.0,0.0,1.0,0.0,0.0,0.0
126.0,Bank A,Migration project including payments functionality (iDeal); part of a large migration program,2008.0,Banking,Internet & Mobile,Plan-driven,.NET,Minor Enhancement (5-25% new),36.0,13.61,160000.0,0.0,0.0,0.0,1.0,1.0,0.0,1.0,0.0,0.0,0.0,0.0,0.0,0.0,0.0,0.0,0.0,0.0,1.0,0.0
271.0,Bank A,New functionality project on an existing mortgage application; part of a large morgage renewal program; Mortgage Management Information,2011.0,Banking,Data Warehouse & BI,Plan-driven,JAVA,Conversion (<5% new),165.0,3.97,149000.0,0.0,1.0,0.0,0.0,0.0,1.0,0.0,0.0,0.0,0.0,0.0,0.0,1.0,0.0,0.0,0.0,0.0,1.0,0.0
129.0,Bank A,Enhancements and new functionality in internet environment; Euronext - Multi Decimal Pricing,2008.0,Banking,Internet & Mobile,Plan-driven,.NET,Minor Enhancement (5-25% new),122.0,5.17,250700.0,0.0,1.0,0.0,0.0,0.0,1.0,0.0,0.0,0.0,0.0,0.0,0.0,0.0,0.0,0.0,1.0,0.0,0.0,0.0
127.0,Bank A,"Enhancements and new functionality related to security issues in the Bank's internet environment, prevention of security issues",2008.0,Banking,Internet & Mobile,Plan-driven,.NET,Major Enhancement (25-75% new),249.0,11.15,940000.0,0.0,1.0,0.0,0.0,0.0,1.0,0.0,0.0,1.0,0.0,0.0,0.0,0.0,0.0,0.0,1.0,0.0,0.0,0.0
11.0,Bank B,Return 9-digit Accountnumber,2009.0,Banking,Payments,Plan-driven,COBOL,Major Enhancement (25-75% new),183.0,11.06,387550.0,0.0,1.0,0.0,0.0,0.0,0.0,0.0,0.0,0.0,0.0,0.0,0.0,0.0,0.0,0.0,1.0,0.0,0.0,0.0
237.0,Bank A,Maintenance project on an existing internet application; Solve Critical Batch Problems,2011.0,Banking,Internet & Mobile,Plan-driven,JAVA,Major Enhancement (25-75% new),91.0,18.76,285090.0,0.0,1.0,0.0,0.0,1.0,0.0,0.0,0.0,0.0,0.0,0.0,0.0,0.0,0.0,1.0,1.0,0.0,0.0,0.0
98.0,Bank B,Maintenance and new functionality release on one application ORV Phase 3,2011.0,Banking,Client and Account Management,Scrum,JAVA,New Development,306.0,6.47,776278.0,0.0,0.0,0.0,1.0,0.0,1.0,0.0,0.0,0.0,0.0,0.0,0.0,0.0,0.0,0.0,0.0,0.0,0.0,0.0
251.0,Bank A,Maintenance and new functionality project on an existing savings application; BSH Long Term R2B Savings & Loans,2011.0,Banking,Savings & Loans,Plan-driven,JAVA,Major Enhancement (25-75% new),298.0,14.06,719020.0,0.0,0.0,0.0,1.0,0.0,1.0,0.0,0.0,0.0,0.0,0.0,0.0,0.0,0.0,0.0,0.0,0.0,1.0,0.0
100.0,Bank B,Build new functionality for Self Service,2011.0,Banking,Client and Account Management,Scrum,JAVA,Major Enhancement (25-75% new),396.0,12.22,895089.0,0.0,1.0,0.0,0.0,0.0,0.0,0.0,0.0,0.0,0.0,0.0,0.0,0.0,0.0,0.0,0.0,0.0,0.0,0.0
139.0,Bank A,New functionality on electronic application of login-codes in internet environment,2010.0,Banking,Internet & Mobile,Plan-driven,.NET,Minor Enhancement (5-25% new),173.0,10.95,523420.0,0.0,1.0,0.0,0.0,0.0,1.0,0.0,0.0,1.0,0.0,0.0,0.0,0.0,0.0,0.0,1.0,0.0,0.0,0.0
336.0,Bank A,Maintenance and enhancements project on an existing payments application; Agent Racing Chartal Functionality,2011.0,Banking,Payments,Plan-driven,COBOL,Major Enhancement (25-75% new),174.0,5.25,323020.0,0.0,1.0,0.0,0.0,1.0,0.0,0.0,0.0,0.0,0.0,0.0,0.0,0.0,0.0,1.0,0.0,0.0,1.0,0.0
222.0,Bank A,Maintenance and new functionality project on an client and accountmanagement  application; Rules and regulations driven project; Basel ll Rules & Regulations,2011.0,Banking,Client and Account Management,Plan-driven,JAVA,New Development,33.0,8.68,486000.0,0.0,1.0,0.0,0.0,1.0,0.0,0.0,0.0,0.0,0.0,0.0,0.0,0.0,0.0,0.0,0.0,1.0,0.0,0.0
317.0,Beltel,New functionality project on a new data warehouse application in a CRM domain; fixed price based on pre-project proposal; build and test performed by Indian supplier with strategic outsourcing agreement with Beltel; projectteam with members in Belgium and India; part of a large (phased) program; Customer Lifetime Value,2012.0,Telecommunications,Data Warehouse & BI,Plan-driven,JAVA,Major Enhancement (25-75% new),528.0,19.85,297000.0,0.0,0.0,1.0,0.0,0.0,1.0,0.0,0.0,0.0,0.0,0.0,0.0,0.0,0.0,0.0,0.0,0.0,1.0,1.0
140.0,Bank A,Security driven enhancements in internet environment related to emergency measures as a follow-up of security treaths (man in the browser); part 1 of a larger project,2010.0,Banking,Internet & Mobile,Plan-driven,.NET,Major Enhancement (25-75% new),118.0,18.26,657000.0,0.0,1.0,0.0,0.0,1.0,0.0,0.0,0.0,1.0,0.0,0.0,0.0,0.0,0.0,0.0,1.0,0.0,0.0,0.0
147.0,Bank A,Enhancements and new functionality release on an existing callcenter application; sub-project of a large customer migration program; part IC,2010.0,Banking,Call Center Solutions,Plan-driven,COBOL,Minor Enhancement (5-25% new),25.0,9.36,246300.0,0.0,0.0,0.0,1.0,1.0,0.0,1.0,0.0,0.0,0.0,0.0,0.0,0.0,0.0,0.0,0.0,1.0,0.0,0.0
244.0,Bank A,Maintenance and new functionality project on an existing savings application; part of a phased program; Action Interest Phase 2,2011.0,Banking,Savings & Loans,Plan-driven,JAVA,Major Enhancement (25-75% new),214.0,9.35,857430.0,0.0,0.0,0.0,1.0,0.0,1.0,0.0,0.0,0.0,0.0,0.0,0.0,0.0,0.0,0.0,0.0,0.0,1.0,0.0
97.0,Bank B,Maintenance and new functionality release on one application HTC Project 9.1,2010.0,Banking,Finance & Risk,Plan-driven,Visual Basic,Major Enhancement (25-75% new),400.0,7.0,907233.0,0.0,1.0,0.0,0.0,0.0,1.0,0.0,0.0,0.0,0.0,0.0,0.0,0.0,0.0,0.0,0.0,0.0,0.0,0.0
77.0,Bank B,Realisation IVO 3,2010.0,Banking,Client and Account Management,Plan-driven,JAVA,Major Enhancement (25-75% new),126.0,6.5,1937967.0,0.0,1.0,0.0,0.0,0.0,0.0,0.0,0.0,0.0,0.0,0.0,0.0,0.0,0.0,0.0,0.0,0.0,0.0,0.0
181.0,Bank A,Building a new framework for teams to build their new internet applications on in future projects. Contains functionality for Single Sign On in the new to build Internet Banking application; Framework Solution; new technology (a.o. Tibco); limited knowledge of new technology within the organisation. Strategic highly important project because it sets the standard for future enhancements on the internet application.,2011.0,Banking,Internet & Mobile,Plan-driven,JAVA,New Development,70.0,17.68,1863790.0,0.0,0.0,0.0,1.0,1.0,0.0,0.0,0.0,1.0,0.0,0.0,0.0,0.0,1.0,0.0,1.0,0.0,0.0,1.0
266.0,Bank A,Maintenance and new functionality project on an existing customer information management application; part of a large customer migration program; Private Banking Client Administration,2011.0,Banking,Client and Account Management,Plan-driven,JAVA,Minor Enhancement (5-25% new),81.0,10.37,1270760.0,0.0,0.0,0.0,1.0,1.0,0.0,1.0,0.0,0.0,0.0,0.0,0.0,0.0,0.0,0.0,0.0,1.0,0.0,0.0
230.0,Bank A,Maintenance and new functionality release on an existing internet application; part of a large program; Reduce Internet Applications Plateau 5,2011.0,Banking,Internet & Mobile,Plan-driven,.NET,Major Enhancement (25-75% new),245.0,9.2,399000.0,0.0,0.0,0.0,1.0,0.0,1.0,0.0,0.0,0.0,0.0,0.0,0.0,0.0,0.0,0.0,1.0,0.0,0.0,0.0
234.0,Bank A,Maintenance and new functionality release on an existing internet application; Deviated Channel Limits Private Banking,2011.0,Banking,Internet & Mobile,Scrum,JAVA,Conversion (<5% new),117.0,7.74,495510.0,0.0,1.0,0.0,0.0,1.0,0.0,0.0,0.0,0.0,0.0,0.0,0.0,0.0,0.0,0.0,1.0,0.0,0.0,0.0
258.0,Bank A,Maintenance and new functionality project on an existing internet application; Savings Deposits on Internet Banking,2011.0,Banking,Internet & Mobile,Plan-driven,JAVA,Minor Enhancement (5-25% new),83.0,7.68,348710.0,0.0,1.0,0.0,0.0,1.0,0.0,0.0,0.0,0.0,0.0,0.0,0.0,0.0,0.0,0.0,0.0,0.0,1.0,0.0
132.0,Bank A,Maintenance release on existing legacy payments application; iteration 4 and 5,2008.0,Banking,Internet & Mobile,Plan-driven,.NET,New Development,450.0,25.44,825280.0,0.0,0.0,0.0,1.0,0.0,1.0,0.0,1.0,0.0,0.0,0.0,0.0,0.0,1.0,0.0,0.0,0.0,1.0,0.0
229.0,Bank A,Maintenance and new functionality release on an existing internet application; part of a large program; Reduce Internet application Plateau 3,2010.0,Banking,Internet & Mobile,Plan-driven,.NET,New Development,147.0,11.63,359520.0,0.0,0.0,0.0,1.0,0.0,1.0,0.0,0.0,0.0,0.0,0.0,0.0,0.0,0.0,0.0,1.0,0.0,0.0,0.0
329.0,Bank A,Maintenance and enhancements project on an existing payments application; part of a large customer migration program; Payments Execution Payments Data Migration Wave 2 Cash & ATM,2010.0,Banking,Payments,Plan-driven,COBOL,Minor Enhancement (5-25% new),60.0,11.03,589230.0,0.0,0.0,0.0,1.0,1.0,0.0,1.0,0.0,0.0,0.0,0.0,0.0,0.0,0.0,1.0,1.0,0.0,0.0,0.0
128.0,Bank A,Enhancements and new functionality on website; open Internet environment; part of a large migration program,2008.0,Banking,Internet & Mobile,Plan-driven,.NET,Minor Enhancement (5-25% new),804.0,19.13,3800000.0,0.0,0.0,0.0,1.0,0.0,1.0,1.0,0.0,0.0,0.0,0.0,0.0,0.0,0.0,0.0,0.0,0.0,1.0,0.0
51.0,Bank B,Replacement PEGA - MoNr1147b,2011.0,Banking,Payments,Plan-driven,.NET,Major Enhancement (25-75% new),546.0,22.06,1824211.0,0.0,1.0,0.0,0.0,0.0,0.0,0.0,0.0,0.0,0.0,0.0,0.0,0.0,0.0,0.0,1.0,0.0,0.0,0.0
110.0,Bank B,Maintenance and new functionality release on one application Mambo Plan 2012,2011.0,Banking,Organization,Plan-driven,.NET,Major Enhancement (25-75% new),738.0,11.43,1241356.0,0.0,1.0,0.0,0.0,0.0,0.0,0.0,0.0,0.0,0.0,0.0,0.0,0.0,0.0,0.0,0.0,0.0,0.0,0.0
236.0,Bank A,Maintenance and new functionality project on an existing data warehouse application; part of a large customer migration program; CI Private Banking,2011.0,Banking,Data Warehouse & BI,Plan-driven,JAVA,Major Enhancement (25-75% new),297.0,10.03,418150.0,0.0,0.0,0.0,1.0,0.0,1.0,1.0,0.0,0.0,0.0,0.0,0.0,0.0,0.0,0.0,0.0,1.0,0.0,0.0
199.0,Bank A,Maintenance and new functionality release on an existing internet environment; GGR/PS in Internet Banking,2011.0,Banking,Internet & Mobile,Plan-driven,JAVA,New Development,130.0,8.2,417990.0,0.0,1.0,0.0,0.0,0.0,1.0,0.0,0.0,0.0,0.0,0.0,0.0,0.0,0.0,0.0,0.0,0.0,1.0,0.0
308.0,Bank A,Maintenance and new functionality project on an existing finance & risk application; AMBER Upgrade,2012.0,Banking,Finance & Risk,Plan-driven,JAVA,Major Enhancement (25-75% new),123.0,12.52,665420.0,0.0,1.0,0.0,0.0,0.0,1.0,0.0,0.0,0.0,0.0,1.0,0.0,0.0,0.0,0.0,0.0,0.0,1.0,0.0
219.0,Bank A,Maintenance and new functionality project on an existing client and accountmanagement application; Into the Red Client Accounts Management,2011.0,Banking,Client and Account Management,Plan-driven,JAVA,New Development,174.0,15.6,1096330.0,0.0,0.0,0.0,1.0,1.0,0.0,0.0,1.0,0.0,0.0,0.0,0.0,0.0,1.0,0.0,0.0,0.0,1.0,0.0
144.0,Bank A,Enhancements on functionality to change customer addresses in internet environment,2010.0,Banking,Internet & Mobile,Plan-driven,JAVA,New Development,63.0,18.1,528440.0,0.0,1.0,0.0,0.0,1.0,0.0,0.0,0.0,1.0,0.0,0.0,0.0,0.0,0.0,0.0,1.0,0.0,0.0,0.0
200.0,Bank A,New functionality project on an existing internet application; L2/L3 P,2011.0,Banking,Internet & Mobile,Scrum,JAVA,Minor Enhancement (5-25% new),88.0,8.71,653760.0,0.0,1.0,0.0,0.0,0.0,1.0,0.0,0.0,1.0,0.0,0.0,0.0,0.0,0.0,0.0,1.0,0.0,0.0,0.0
130.0,Bank A,Phase Out Secure Payments Solutions,2008.0,Banking,Internet & Mobile,Plan-driven,.NET,Major Enhancement (25-75% new),229.0,10.07,781000.0,0.0,1.0,0.0,0.0,0.0,1.0,0.0,0.0,0.0,0.0,0.0,0.0,0.0,0.0,0.0,1.0,0.0,0.0,0.0
246.0,Bank A,Maintenance and new functionality project on an existing mortgages application; Synchronise Savings Administrations,2011.0,Banking,Mortgages,Plan-driven,JAVA,Minor Enhancement (5-25% new),132.0,19.63,640230.0,0.0,1.0,0.0,0.0,0.0,1.0,0.0,0.0,0.0,0.0,0.0,0.0,0.0,0.0,0.0,1.0,0.0,0.0,0.0
182.0,Bank A,Maintenance and new functionality release on an existing mortgages application; Back Pointing,2011.0,Banking,Mortgages,Plan-driven,JAVA,New Development,68.0,9.9,410300.0,0.0,1.0,0.0,0.0,0.0,1.0,0.0,0.0,0.0,0.0,0.0,0.0,0.0,0.0,0.0,0.0,0.0,1.0,0.0
152.0,Bank A,Integration of a new customer advisory application into the existing MyBank website,2010.0,Banking,Internet & Mobile,Plan-driven,JAVA,Minor Enhancement (5-25% new),238.0,10.97,1290240.0,0.0,0.0,0.0,1.0,1.0,0.0,1.0,0.0,0.0,0.0,1.0,0.0,1.0,0.0,0.0,0.0,0.0,1.0,1.0
318.0,Beltel,Maintenance and new functionality project on an existing CRM application; fixed price based on pre-project proposal; build and test performed by Indian supplier with strategic outsourcing agreement with Beltel; projectteam with members in Belgium and India; part of a large (phased) program; Carpe BASE Phase 1,2012.0,Telecommunications,Client and Account Management,Plan-driven,JAVA,New Development,440.0,9.22,1375850.0,0.0,0.0,1.0,0.0,1.0,0.0,0.0,1.0,0.0,0.0,0.0,0.0,0.0,1.0,0.0,0.0,0.0,1.0,0.0
187.0,Bank A,Maintenance and new functionality project on an existing internet application; part of a large customer migration program; Private Banking - Data Migration,2011.0,Banking,Internet & Mobile,Plan-driven,JAVA,Major Enhancement (25-75% new),326.0,9.46,1513000.0,0.0,0.0,0.0,1.0,1.0,0.0,1.0,0.0,0.0,0.0,0.0,0.0,0.0,0.0,0.0,0.0,1.0,0.0,0.0
184.0,Bank A,Maintenance and new functionality project on an existing savings  application; focus at private banking customers; part of a large program related to customer migration; Savings Private Banking,2011.0,Banking,Savings & Loans,Plan-driven,JAVA,Minor Enhancement (5-25% new),417.0,12.0,1501790.0,0.0,0.0,0.0,1.0,1.0,0.0,1.0,0.0,0.0,0.0,0.0,0.0,0.0,0.0,0.0,0.0,1.0,0.0,0.0
183.0,Bank A,Maintenance and new functionality release on an existing mortgages application; Intermediary Portfolio Transfer,2010.0,Banking,Mortgages,Plan-driven,JAVA,Major Enhancement (25-75% new),188.0,16.53,527000.0,0.0,1.0,0.0,0.0,0.0,1.0,0.0,0.0,0.0,0.0,0.0,0.0,0.0,0.0,0.0,0.0,0.0,1.0,0.0
257.0,Bank A,Implementation of a package with customization mortgage application; part of alarge new mortgage application; Package Implementation Mortgages,2011.0,Banking,Mortgages,Plan-driven,JAVA,New Development,245.0,17.22,719000.0,0.0,1.0,0.0,0.0,1.0,0.0,1.0,0.0,0.0,0.0,1.0,0.0,0.0,0.0,0.0,0.0,0.0,1.0,1.0
311.0,Bank A,Maintenance and new functionality project on an existing facilitiy management internet application; Drawing Management in Planon Facilty Management ,2012.0,Banking,Organization,Plan-driven,JAVA,New Development,544.0,13.21,615000.0,0.0,1.0,0.0,0.0,0.0,1.0,0.0,0.0,0.0,0.0,1.0,0.0,0.0,0.0,0.0,0.0,0.0,1.0,0.0
214.0,Bank A,Maintenance and new functionality project on an existing savings and loans application; Product Into the Red,2011.0,Banking,Savings & Loans,Plan-driven,JAVA,Major Enhancement (25-75% new),113.0,11.77,793900.0,0.0,0.0,0.0,1.0,0.0,1.0,0.0,1.0,0.0,0.0,0.0,0.0,0.0,1.0,0.0,0.0,0.0,1.0,0.0
205.0,Bank A,Maintenance and new functionality project on an existing internet application; part of a large customer migration program; Wave 2 Internet - Customer Migration to Internet Banking Business,2010.0,Banking,Internet & Mobile,Plan-driven,JAVA,New Development,180.0,14.96,1627950.0,0.0,0.0,0.0,1.0,1.0,0.0,1.0,0.0,0.0,0.0,0.0,0.0,0.0,0.0,0.0,0.0,1.0,0.0,0.0
134.0,Bank A,Housing Wizard in Internet Environment,2010.0,Banking,Internet & Mobile,Plan-driven,.NET,New Development,950.0,21.6,2704000.0,0.0,1.0,0.0,0.0,0.0,1.0,0.0,0.0,0.0,0.0,0.0,0.0,0.0,0.0,0.0,0.0,0.0,1.0,1.0
194.0,Bank A,Maintenance and new functionality project on an existing front office application; W2 Customer Information Management;  Procuration Internet,2010.0,Banking,Internet & Mobile,Plan-driven,JAVA,Minor Enhancement (5-25% new),532.0,11.53,1512090.0,0.0,0.0,0.0,1.0,1.0,0.0,1.0,0.0,0.0,0.0,0.0,0.0,0.0,0.0,0.0,0.0,1.0,0.0,0.0
142.0,Bank A,New functionality in inetrnet environment related to new customer advisory application,2010.0,Banking,Internet & Mobile,Plan-driven,.NET,Minor Enhancement (5-25% new),554.0,11.53,830680.0,0.0,0.0,0.0,1.0,1.0,0.0,1.0,0.0,0.0,0.0,1.0,0.0,1.0,0.0,0.0,0.0,0.0,1.0,1.0
191.0,Bank A,Maintenance and new functionality project on an existing front office application; part of large customer migration program; Branches Wave 2 IT,2010.0,Banking,Front Office Solutions,Plan-driven,JAVA,Minor Enhancement (5-25% new),704.0,15.06,1627280.0,0.0,0.0,0.0,1.0,1.0,0.0,1.0,0.0,0.0,0.0,0.0,0.0,0.0,0.0,0.0,0.0,1.0,0.0,0.0
133.0,Bank A,Structural Solution Savings Plan in internet environment; customer loyalty application,2008.0,Banking,Internet & Mobile,Plan-driven,.NET,Minor Enhancement (5-25% new),250.0,13.52,1181000.0,0.0,1.0,0.0,0.0,0.0,1.0,0.0,0.0,0.0,0.0,0.0,0.0,0.0,0.0,0.0,1.0,0.0,0.0,0.0
215.0,Bank A,Implementation of a large new mortgage system; package solution with APL-Bive customization; phased project; part of a large program; Mortgage System xxx Mid-Office / XMO - Plateau 1,2011.0,Banking,Mortgages,Scrum,JAVA,New Development,4600.0,22.5,5637000.0,0.0,0.0,0.0,1.0,0.0,1.0,1.0,0.0,0.0,0.0,0.0,0.0,1.0,0.0,0.0,0.0,0.0,1.0,1.0
328.0,Beltel,Maintenance and enhancements project on an existing CRM application; fixed price based on pre-project proposal; build and test performed by Indian supplier with strategic outsourcing agreement with Beltel; projectteam with members in Belgium and India; Business Friends & Family,2011.0,Telecommunications,Client and Account Management,Plan-driven,JAVA,Major Enhancement (25-75% new),26.0,14.69,59990.0,0.0,0.0,1.0,0.0,0.0,1.0,0.0,0.0,0.0,0.0,0.0,0.0,0.0,0.0,0.0,0.0,0.0,1.0,0.0
61.0,Bank B,Realisation EDV enhancements,2009.0,Banking,Savings & Loans,Plan-driven,.NET,New Development,54.0,2.84,349750.0,0.0,1.0,0.0,0.0,0.0,0.0,0.0,0.0,0.0,0.0,0.0,0.0,0.0,0.0,0.0,0.0,0.0,0.0,0.0
72.0,Bank B,Control 2011,2011.0,Banking,Organization,Plan-driven,.NET,New Development,427.0,6.85,1543044.0,0.0,1.0,0.0,0.0,0.0,0.0,0.0,0.0,0.0,0.0,0.0,0.0,0.0,0.0,0.0,0.0,1.0,0.0,0.0
131.0,Bank A,Profit Account; new functionality and enhancements in internet functionality related to customers accounts,2008.0,Banking,Internet & Mobile,Plan-driven,.NET,New Development,10.0,2.96,30900.0,0.0,1.0,0.0,0.0,0.0,1.0,0.0,0.0,0.0,0.0,0.0,0.0,0.0,0.0,0.0,0.0,0.0,1.0,0.0
145.0,Bank A,Maintenance and new functionality release on one call-center application,2010.0,Banking,Call Center Solutions,Plan-driven,.NET,New Development,121.0,9.58,1131732.0,0.0,1.0,0.0,0.0,0.0,1.0,0.0,0.0,0.0,0.0,0.0,0.0,1.0,0.0,0.0,0.0,0.0,1.0,0.0
159.0,Bank A,Maintenance and new functionality release on an existing savings and loans application,2008.0,Banking,Savings & Loans,Plan-driven,3GL,New Development,135.0,4.74,79611.0,0.0,1.0,0.0,0.0,0.0,1.0,0.0,0.0,0.0,0.0,0.0,0.0,0.0,0.0,0.0,0.0,1.0,0.0,0.0
168.0,Bank A,Covered Bond,2009.0,Banking,Mortgages,Plan-driven,3GL,New Development,185.0,9.5,192989.0,0.0,1.0,0.0,0.0,0.0,1.0,0.0,0.0,0.0,0.0,0.0,0.0,0.0,0.0,0.0,0.0,0.0,1.0,0.0
169.0,Bank A,Agreements Packages,2009.0,Banking,Client and Account Management,Plan-driven,3GL,New Development,115.0,5.67,1649823.0,0.0,1.0,0.0,0.0,0.0,1.0,0.0,0.0,0.0,0.0,0.0,0.0,0.0,0.0,0.0,0.0,0.0,1.0,0.0
175.0,Bank A,maintenance and enhancement project on an existing mortgage appliaction; Enhance Goal Properties in Maintenance,2009.0,Banking,Mortgages,Plan-driven,3GL,New Development,72.0,9.33,311866.0,0.0,1.0,0.0,0.0,0.0,1.0,0.0,0.0,0.0,0.0,0.0,0.0,0.0,0.0,0.0,1.0,0.0,0.0,0.0
20.0,Bank B,New functionality with regard to SEPA DD on existing application (rules & regulations),2009.0,Banking,Payments,Plan-driven,COBOL,New Development,95.0,8.78,188422.0,0.0,1.0,0.0,0.0,0.0,0.0,0.0,0.0,0.0,0.0,0.0,0.0,0.0,0.0,0.0,0.0,0.0,0.0,0.0
21.0,Bank B,New functionality with regard to SEPA DD on existing application (rules & regulations),2009.0,Banking,Payments,Plan-driven,COBOL,New Development,76.0,9.06,935867.0,0.0,1.0,0.0,0.0,0.0,0.0,0.0,0.0,0.0,0.0,0.0,0.0,0.0,0.0,0.0,0.0,0.0,0.0,0.0
75.0,Bank B,Maintenance Savings OH2010-2,2011.0,Banking,Savings & Loans,Plan-driven,COBOL,New Development,327.0,11.74,866434.0,0.0,1.0,0.0,0.0,0.0,1.0,0.0,0.0,0.0,0.0,0.0,0.0,0.0,0.0,0.0,1.0,0.0,0.0,0.0
95.0,Bank B,Realization adaptation Assortiment,2010.0,Banking,Savings & Loans,Plan-driven,COBOL,New Development,25.0,1.7,26812.0,0.0,1.0,0.0,0.0,0.0,1.0,0.0,0.0,0.0,0.0,0.0,0.0,0.0,0.0,0.0,0.0,0.0,0.0,0.0
330.0,Bank A,Maintenance and enhancements project on an existing payments application; Security driven project; EBW Security upgrade,2011.0,Banking,Payments,Plan-driven,COBOL,New Development,74.0,16.0,560000.0,0.0,1.0,0.0,0.0,0.0,1.0,0.0,0.0,1.0,0.0,0.0,0.0,0.0,0.0,1.0,1.0,0.0,0.0,0.0
74.0,Bank B,Maintenance Savings ARW 5.4,2010.0,Banking,Savings & Loans,Plan-driven,Document,New Development,356.0,4.42,169822.0,0.0,1.0,0.0,0.0,0.0,1.0,0.0,0.0,0.0,0.0,0.0,0.0,0.0,0.0,0.0,1.0,0.0,0.0,0.0
24.0,Bank B,New functionality and maintenance on existing application; sub-project of a phased project; pahse 4,2008.0,Banking,Payments,Plan-driven,FOCUS,New Development,141.0,1.33,64840.0,0.0,0.0,0.0,1.0,0.0,1.0,0.0,0.0,0.0,0.0,0.0,0.0,0.0,0.0,0.0,0.0,0.0,0.0,0.0
25.0,Bank B,New functionality and maintenance on existing application; sub-project of a phased project; phase 5,2008.0,Banking,Payments,Plan-driven,FOCUS,New Development,173.0,1.28,81880.0,0.0,0.0,0.0,1.0,0.0,1.0,0.0,0.0,0.0,0.0,0.0,0.0,0.0,0.0,0.0,0.0,0.0,0.0,0.0
27.0,Bank B,New functionality and maintenance on existing application; sub-project of a phased project; phase 1- to 3,2008.0,Banking,Payments,Plan-driven,FOCUS,New Development,128.0,2.68,158640.0,0.0,0.0,0.0,1.0,0.0,1.0,0.0,0.0,0.0,0.0,0.0,0.0,0.0,0.0,0.0,0.0,0.0,0.0,0.0
36.0,Bank B,Realisation CBT  ,2010.0,Banking,Finance & Risk,Plan-driven,JAVA,New Development,832.0,23.23,6050155.0,0.0,1.0,0.0,0.0,0.0,0.0,0.0,0.0,0.0,0.0,0.0,0.0,0.0,0.0,0.0,0.0,0.0,0.0,0.0
82.0,Bank B,Maintenance and new functionality release 4.0 on one application,2010.0,Banking,Finance & Risk,Plan-driven,JAVA,New Development,542.0,18.37,3575112.0,0.0,1.0,0.0,0.0,0.0,1.0,0.0,0.0,0.0,0.0,0.0,0.0,0.0,0.0,0.0,0.0,0.0,0.0,0.0
154.0,Bank A,Enhancements on an existing callcenter application,2008.0,Banking,Call Center Solutions,Plan-driven,JAVA,New Development,183.0,8.43,88677.0,0.0,1.0,0.0,0.0,0.0,1.0,0.0,0.0,0.0,0.0,0.0,0.0,0.0,0.0,0.0,0.0,0.0,1.0,0.0
180.0,Bank A,Maintenance and new functionality release on an existing data warehouse application; Lobster MI,2009.0,Banking,Data Warehouse & BI,Plan-driven,JAVA,New Development,304.0,6.21,364000.0,0.0,1.0,0.0,0.0,0.0,1.0,0.0,0.0,0.0,0.0,0.0,0.0,0.0,0.0,0.0,0.0,0.0,0.0,0.0
185.0,Bank A,Maintenance and new functionality release on an existing mortgages application; phased project; Boost Stage 1,2010.0,Banking,Mortgages,Plan-driven,JAVA,New Development,434.0,14.79,856410.0,0.0,0.0,0.0,1.0,0.0,1.0,0.0,0.0,0.0,0.0,0.0,0.0,0.0,0.0,0.0,0.0,0.0,0.0,0.0
186.0,Bank A,Maintenance and new functionality project on an existing mortgages application; phased project; Boost Stage 2,2010.0,Banking,Mortgages,Plan-driven,JAVA,New Development,154.0,11.95,744630.0,0.0,0.0,0.0,1.0,0.0,1.0,0.0,0.0,0.0,0.0,0.0,0.0,0.0,0.0,0.0,0.0,0.0,0.0,0.0
198.0,Bank A,Maintenance and new functionality release on an existing mortgages application,2010.0,Banking,Mortgages,Plan-driven,JAVA,New Development,184.0,16.1,1365000.0,0.0,1.0,0.0,0.0,0.0,1.0,0.0,0.0,0.0,0.0,0.0,0.0,0.0,0.0,0.0,0.0,0.0,1.0,0.0
221.0,Bank A,Maintenance and new functionality project on an existing client and accountmanagement application; part of a large customer migration program; Private Banking Customeradministration,2011.0,Banking,Client and Account Management,Plan-driven,JAVA,New Development,315.0,11.26,1821960.0,0.0,0.0,0.0,1.0,1.0,0.0,1.0,0.0,0.0,0.0,0.0,0.0,0.0,1.0,0.0,0.0,1.0,0.0,0.0
224.0,Bank A,Maintenance and new functionality project on an existing client and accountmanagement application; part of a large customer migration program;  Payments Migration Debit Cards Business Wave 2,2010.0,Banking,Client and Account Management,Plan-driven,JAVA,New Development,24.0,16.0,172580.0,0.0,0.0,0.0,1.0,1.0,0.0,1.0,0.0,0.0,0.0,0.0,0.0,0.0,1.0,0.0,0.0,1.0,0.0,0.0
278.0,Bank A,Maintenance and new functionality project on an existing mortgages application; part of a large program; Mortgages Package Plateau 6 Data Migration,2011.0,Banking,Mortgages,Plan-driven,JAVA,New Development,56.0,12.95,340000.0,0.0,0.0,0.0,1.0,1.0,0.0,1.0,0.0,0.0,0.0,1.0,0.0,0.0,0.0,0.0,1.0,0.0,0.0,0.0
313.0,Beltel,Maintenance project on an existing CRM application; fixed price based on pre-project proposal; build and test performed by Indian supplier with strategic outsourcing agreement with Beltel; projectteam with members in Belgium and India; Business Discount,2011.0,Telecommunications,Client and Account Management,Plan-driven,JAVA,New Development,24.0,15.42,382790.0,0.0,0.0,1.0,0.0,0.0,1.0,0.0,0.0,0.0,0.0,0.0,0.0,0.0,0.0,0.0,0.0,0.0,1.0,0.0
316.0,Beltel,Maintenance and new functionality project on an existing internet application; fixed price based on pre-project proposal; build and test performed by Indian supplier with strategic outsourcing agreement with Beltel; projectteam with members in Belgium and India; Medion Aldi-Talk selfcare,2013.0,Telecommunications,Internet & Mobile,Plan-driven,JAVA,New Development,238.0,4.13,140000.0,0.0,0.0,1.0,0.0,0.0,1.0,0.0,0.0,0.0,1.0,0.0,0.0,0.0,0.0,0.0,0.0,0.0,1.0,0.0
324.0,Beltel,Maintenance and enhancements project on an existing Billing application; fixed price based on pre-project proposal; build and test performed by Indian supplier with strategic outsourcing agreement with Beltel; projectteam with members in Belgium and India; Flexible Payment Due Date,2011.0,Telecommunications,Client and Account Management,Plan-driven,JAVA,New Development,71.0,7.07,105290.0,0.0,0.0,1.0,0.0,0.0,1.0,0.0,0.0,0.0,0.0,0.0,0.0,0.0,0.0,0.0,0.0,0.0,1.0,0.0
325.0,Beltel,Maintenance and enhancements project on an existing Billing application; fixed price based on pre-project proposal; build and test performed by Indian supplier with strategic outsourcing agreement with Beltel; projectteam with members in Belgium and India; Dealer Commisioning,2012.0,Telecommunications,Client and Account Management,Plan-driven,JAVA,New Development,70.0,9.89,177000.0,0.0,0.0,1.0,0.0,0.0,1.0,0.0,0.0,0.0,0.0,0.0,0.0,0.0,0.0,0.0,0.0,0.0,1.0,0.0
156.0,Bank A,Enhancements and new functionality release on an existing mortgage application; part of a large customer migration program,2008.0,Banking,Mortgages,Plan-driven,JSP,New Development,500.0,11.93,747655.0,0.0,0.0,0.0,1.0,1.0,0.0,1.0,0.0,0.0,0.0,0.0,0.0,0.0,0.0,0.0,0.0,1.0,0.0,0.0
80.0,Bank B,Recap Measures 2 VCM,2010.0,Banking,Client and Account Management,Plan-driven,ORACLE,New Development,135.0,7.91,636589.0,0.0,1.0,0.0,0.0,0.0,0.0,0.0,0.0,0.0,0.0,0.0,0.0,0.0,0.0,0.0,0.0,0.0,0.0,0.0
10.0,Bank B,HTC 8.0 Application,2009.0,Banking,Finance & Risk,Plan-driven,POWERBUILDER,New Development,469.0,11.32,1119433.0,0.0,1.0,0.0,0.0,0.0,1.0,0.0,0.0,0.0,0.0,0.0,0.0,0.0,0.0,0.0,0.0,0.0,0.0,0.0
111.0,Bank B,Maintenance and new functionality release on one application HTC Project 10.0,2011.0,Banking,Finance & Risk,Plan-driven,SQL,New Development,665.0,7.2,680567.0,0.0,1.0,0.0,0.0,0.0,1.0,0.0,0.0,0.0,0.0,0.0,0.0,0.0,0.0,0.0,0.0,0.0,0.0,0.0
113.0,Bank B,Maintenance and new functionality release on one application BML Risk Management 2011,2011.0,Banking,Organization,Plan-driven,SQL,New Development,469.0,5.83,262334.0,0.0,1.0,0.0,0.0,0.0,1.0,0.0,0.0,0.0,0.0,0.0,0.0,0.0,0.0,0.0,0.0,0.0,0.0,0.0
162.0,Bank A,Maintenance and new functionality release on an existing data warehouse & BI application; OneFar FADM ISI,2008.0,Banking,Data Warehouse & BI,Plan-driven,SQL,New Development,52.0,5.58,19056.0,0.0,0.0,0.0,1.0,0.0,1.0,0.0,0.0,0.0,0.0,0.0,0.0,0.0,0.0,0.0,0.0,0.0,0.0,0.0
179.0,Bank A,Maintenance and enhancements project on an existing data warehouse application; KBN,2009.0,Banking,Data Warehouse & BI,Plan-driven,Visual Basic,New Development,586.0,7.36,366700.0,0.0,1.0,0.0,0.0,0.0,1.0,0.0,0.0,0.0,0.0,0.0,0.0,0.0,0.0,0.0,0.0,0.0,0.0,0.0
136.0,Bank A,Maintenance and enhancements on existing logging application in internet environment (relong logging history of transactions),2011.0,Banking,Internet & Mobile,Plan-driven,.NET,Minor Enhancement (5-25% new),36.0,7.73,353620.0,0.0,1.0,0.0,0.0,0.0,1.0,0.0,0.0,0.0,0.0,0.0,0.0,0.0,0.0,0.0,1.0,0.0,0.0,0.0
143.0,Bank A,Mortgages relelase on existing application,2009.0,Banking,Mortgages,Plan-driven,.NET,Minor Enhancement (5-25% new),185.0,10.29,115830.0,0.0,1.0,0.0,0.0,0.0,1.0,0.0,0.0,0.0,0.0,0.0,0.0,0.0,0.0,0.0,0.0,0.0,0.0,0.0
22.0,Bank B,New functionality with regard to SEPA DD on existing application (rules & regulations),2009.0,Banking,Payments,Plan-driven,COBOL,Minor Enhancement (5-25% new),460.0,20.61,5416666.0,0.0,1.0,0.0,0.0,0.0,0.0,0.0,0.0,0.0,0.0,0.0,0.0,0.0,0.0,0.0,0.0,1.0,0.0,0.0
42.0,Bank B,FCM Phase 2 Disentanglement (ICT),2009.0,Banking,Payments,Plan-driven,COBOL,Minor Enhancement (5-25% new),123.0,2.74,149820.0,0.0,0.0,0.0,1.0,0.0,1.0,0.0,0.0,0.0,0.0,0.0,0.0,0.0,0.0,0.0,1.0,0.0,0.0,0.0
55.0,Bank B,Maintenance release 3.9 on one application,2009.0,Banking,Savings & Loans,Plan-driven,COBOL,Minor Enhancement (5-25% new),63.0,6.68,177944.0,0.0,1.0,0.0,0.0,0.0,0.0,0.0,0.0,0.0,0.0,0.0,0.0,0.0,0.0,0.0,0.0,0.0,0.0,0.0
93.0,Bank B,Standing Right Account,2010.0,Banking,Savings & Loans,Plan-driven,COBOL,Minor Enhancement (5-25% new),164.0,7.99,501755.0,0.0,1.0,0.0,0.0,0.0,1.0,0.0,0.0,0.0,0.0,0.0,0.0,0.0,0.0,0.0,0.0,0.0,0.0,0.0
217.0,Bank A,Maintenance and new functionality project on an existing savings and loans application; Solve Mortgage Functionality between two existing applications 2010,2010.0,Banking,Savings & Loans,Plan-driven,COBOL,Minor Enhancement (5-25% new),50.0,14.19,187050.0,0.0,1.0,0.0,0.0,0.0,1.0,0.0,0.0,0.0,0.0,0.0,0.0,0.0,0.0,0.0,0.0,0.0,1.0,0.0
331.0,Bank A,Maintenance and enhancements project on an existing payments application; TIP Account Number,2011.0,Banking,Payments,Plan-driven,COBOL,Minor Enhancement (5-25% new),101.0,10.65,310310.0,0.0,1.0,0.0,0.0,0.0,1.0,0.0,0.0,0.0,0.0,0.0,0.0,0.0,0.0,0.0,0.0,0.0,1.0,0.0
333.0,Bank A,Maintenance and enhancements project on an existing payments application; ETTA Swift Sweeping,2011.0,Banking,Payments,Plan-driven,COBOL,Minor Enhancement (5-25% new),116.0,12.13,420920.0,0.0,1.0,0.0,0.0,0.0,1.0,0.0,0.0,0.0,0.0,0.0,0.0,0.0,0.0,0.0,0.0,0.0,1.0,0.0
6.0,Bank B,Yearwork 2009,2009.0,Banking,Savings & Loans,Plan-driven,JAVA,Minor Enhancement (5-25% new),15.0,14.57,373855.0,0.0,1.0,0.0,0.0,0.0,0.0,0.0,0.0,0.0,0.0,0.0,0.0,0.0,0.0,0.0,0.0,1.0,0.0,0.0
32.0,Bank B,New functionality and maintenance release on one application,2010.0,Banking,Finance & Risk,Plan-driven,JAVA,Minor Enhancement (5-25% new),1500.0,17.1,6585980.0,0.0,1.0,0.0,0.0,0.0,1.0,0.0,0.0,0.0,0.0,0.0,0.0,0.0,0.0,0.0,0.0,0.0,0.0,0.0
78.0,Bank B,Large customer migration project,2010.0,Banking,Organization,Plan-driven,JAVA,Minor Enhancement (5-25% new),801.0,8.0,1047889.0,0.0,1.0,0.0,0.0,0.0,0.0,0.0,0.0,0.0,0.0,0.0,0.0,0.0,0.0,0.0,0.0,0.0,0.0,0.0
225.0,Bank A,Maintenance and new functionality project on an existing client and accountmanagement application; part of a large program; Payments Migration Debit Cards Wave 1,2010.0,Banking,Client and Account Management,Plan-driven,JAVA,Minor Enhancement (5-25% new),24.0,7.0,134420.0,0.0,0.0,0.0,1.0,1.0,0.0,1.0,0.0,0.0,0.0,0.0,0.0,0.0,1.0,0.0,0.0,1.0,0.0,0.0
240.0,Bank A,Maintenance and new functionality project on an existing savings application; Savings Repositioning BRR,2011.0,Banking,Savings & Loans,Plan-driven,JAVA,Minor Enhancement (5-25% new),38.0,5.46,115420.0,0.0,1.0,0.0,0.0,0.0,1.0,0.0,0.0,0.0,0.0,0.0,0.0,0.0,0.0,0.0,0.0,0.0,1.0,0.0
256.0,Bank A,Maintenance and new functionality project on an existing internet application; Security driven solution; VIP FOX IT Internet Security,2011.0,Banking,Internet & Mobile,Plan-driven,JAVA,Minor Enhancement (5-25% new),61.0,10.77,229240.0,0.0,1.0,0.0,0.0,0.0,1.0,0.0,0.0,1.0,0.0,0.0,0.0,0.0,0.0,0.0,1.0,0.0,0.0,0.0
315.0,Beltel,Maintenance and new functionality project on an existing internet application; fixed price based on pre-project proposal; build and test performed by Indian supplier with strategic outsourcing agreement with Beltel; projectteam with members in Belgium and India; Usability e-services,2013.0,Telecommunications,Internet & Mobile,Plan-driven,JAVA,Minor Enhancement (5-25% new),341.0,14.45,241400.0,0.0,0.0,1.0,0.0,0.0,1.0,0.0,0.0,0.0,0.0,0.0,0.0,0.0,1.0,0.0,0.0,0.0,1.0,0.0
319.0,Beltel,New functionality project on in a CRM domain; fixed price based on pre-project proposal; build and test performed by Indian supplier with strategic outsourcing agreement with Beltel; projectteam with members in Belgium and India; Tintin Application,2011.0,Telecommunications,Client and Account Management,Plan-driven,JAVA,Minor Enhancement (5-25% new),352.0,10.57,1911760.0,0.0,0.0,1.0,0.0,0.0,1.0,0.0,0.0,0.0,0.0,0.0,0.0,0.0,0.0,0.0,0.0,0.0,1.0,0.0
320.0,Beltel,Maintenance and enhancements project on an existing CRM application; fixed price based on pre-project proposal; build and test performed by Indian supplier with strategic outsourcing agreement with Beltel; projectteam with members in Belgium and India; Online Invoice,2013.0,Telecommunications,Client and Account Management,Plan-driven,JAVA,Minor Enhancement (5-25% new),117.0,16.28,373810.0,0.0,0.0,1.0,0.0,0.0,1.0,0.0,1.0,0.0,0.0,0.0,0.0,0.0,1.0,0.0,0.0,0.0,1.0,0.0
349.0,Beltel,Maintenance and enhancements project on an existing CRM application; fixed price based on pre-project proposal; build and test performed by Indian supplier with strategic outsourcing agreement with Beltel; projectteam with members in Belgium and India; Tokyo CRM Application,2013.0,Telecommunications,Client and Account Management,Plan-driven,JAVA,Minor Enhancement (5-25% new),40.0,9.3,277000.0,0.0,0.0,1.0,0.0,1.0,0.0,0.0,0.0,0.0,0.0,0.0,0.0,0.0,0.0,0.0,0.0,0.0,1.0,0.0
170.0,Bank A,Maintenance and new functionality release on an existing front office application; VIAS 2009-01,2009.0,Banking,Front Office Solutions,Plan-driven,RPG,Minor Enhancement (5-25% new),35.0,5.57,119189.0,0.0,0.0,0.0,1.0,0.0,1.0,0.0,0.0,0.0,0.0,0.0,0.0,0.0,0.0,0.0,0.0,0.0,0.0,0.0
171.0,Bank A,Maintenance and new functionality release on an existing front office application; VIAS 2009-02,2009.0,Banking,Front Office Solutions,Plan-driven,RPG,Minor Enhancement (5-25% new),124.0,6.87,209456.0,0.0,0.0,0.0,1.0,0.0,1.0,0.0,0.0,0.0,0.0,0.0,0.0,0.0,0.0,0.0,0.0,0.0,0.0,0.0
172.0,Bank A,Maintenance and new functionality release on an existing front office application; VIAS 2009-03,2009.0,Banking,Front Office Solutions,Plan-driven,RPG,Minor Enhancement (5-25% new),212.0,5.11,226466.0,0.0,0.0,0.0,1.0,0.0,1.0,0.0,0.0,0.0,0.0,0.0,0.0,0.0,0.0,0.0,0.0,0.0,0.0,0.0
163.0,Bank A,Maintenance and new functionality release on an existing data warehouse & BI application; OneFar xGL to CFO,2008.0,Banking,Data Warehouse & BI,Plan-driven,SQL,Minor Enhancement (5-25% new),21.0,3.94,12233.0,0.0,0.0,0.0,1.0,0.0,1.0,0.0,0.0,0.0,0.0,0.0,0.0,0.0,0.0,0.0,0.0,0.0,0.0,0.0
164.0,Bank A,Maintenance and new functionality release on an existing data warehouse & BI application; OneFar TL to CFO,2008.0,Banking,Data Warehouse & BI,Plan-driven,SQL,Minor Enhancement (5-25% new),15.0,4.39,29700.0,0.0,0.0,0.0,1.0,0.0,1.0,0.0,0.0,0.0,0.0,0.0,0.0,0.0,0.0,0.0,0.0,0.0,0.0,0.0
137.0,Bank A,Aftercare release on existing customer loyalty application in internet environment,2009.0,Banking,Internet & Mobile,Plan-driven,.NET,Major Enhancement (25-75% new),116.0,3.8,304170.0,0.0,1.0,0.0,0.0,0.0,1.0,0.0,0.0,0.0,0.0,0.0,0.0,0.0,0.0,0.0,1.0,0.0,0.0,0.0
138.0,Bank A,New functionality in existing internet environment,2009.0,Banking,Internet & Mobile,Plan-driven,.NET,Major Enhancement (25-75% new),194.0,7.8,504910.0,0.0,1.0,0.0,0.0,0.0,1.0,0.0,0.0,1.0,0.0,0.0,0.0,0.0,0.0,0.0,1.0,0.0,0.0,0.0
149.0,Bank A,Maintenance and new functionality on an existing mortgage application; release 3.1,2009.0,Banking,Front Office Solutions,Plan-driven,.NET,Major Enhancement (25-75% new),74.0,4.8,136080.0,0.0,1.0,0.0,0.0,0.0,0.0,0.0,0.0,0.0,0.0,0.0,0.0,0.0,0.0,0.0,0.0,0.0,1.0,0.0
176.0,Bank A,Maintenance and new functionality release on an existing savings application; DI SEW 2OV,2009.0,Banking,Savings & Loans,Plan-driven,.NET,Major Enhancement (25-75% new),114.0,13.04,1186378.0,0.0,1.0,0.0,0.0,0.0,1.0,0.0,0.0,0.0,0.0,0.0,0.0,0.0,0.0,0.0,0.0,0.0,0.0,0.0
157.0,Bank A,Enhancements to an existing savings and loans application; Reporting to Clients,2008.0,Banking,Savings & Loans,Plan-driven,3GL,Major Enhancement (25-75% new),141.0,10.71,207167.0,0.0,1.0,0.0,0.0,0.0,1.0,0.0,0.0,0.0,0.0,0.0,0.0,0.0,0.0,0.0,0.0,1.0,0.0,0.0
23.0,Bank B,New functionality with regard to SEPA DD on existing application (rules & regulations),2009.0,Banking,Payments,Plan-driven,COBOL,Major Enhancement (25-75% new),193.0,12.64,2042089.0,0.0,1.0,0.0,0.0,0.0,0.0,0.0,0.0,0.0,0.0,0.0,0.0,0.0,0.0,0.0,0.0,0.0,0.0,0.0
31.0,Bank B,Realisation Periodic Savings,2010.0,Banking,Savings & Loans,Plan-driven,COBOL,Major Enhancement (25-75% new),131.0,8.84,431644.0,0.0,1.0,0.0,0.0,0.0,0.0,0.0,0.0,0.0,0.0,0.0,0.0,0.0,0.0,0.0,0.0,0.0,1.0,0.0
53.0,Bank B,SEPA Cards Incloud,2010.0,Banking,Payments,Plan-driven,COBOL,Major Enhancement (25-75% new),214.0,13.06,2247389.0,0.0,1.0,0.0,0.0,0.0,0.0,0.0,0.0,0.0,0.0,0.0,0.0,0.0,0.0,0.0,0.0,1.0,0.0,0.0
57.0,Bank B,Yearly Work on Savings application 2009,2010.0,Banking,Savings & Loans,Plan-driven,COBOL,Major Enhancement (25-75% new),181.0,10.42,1253222.0,0.0,1.0,0.0,0.0,0.0,0.0,0.0,0.0,0.0,0.0,0.0,0.0,0.0,0.0,0.0,1.0,0.0,0.0,0.0
59.0,Bank B,INBP Cards 1-to-1 Conversion,2009.0,Banking,Client and Account Management,Plan-driven,COBOL,Major Enhancement (25-75% new),101.0,5.38,820766.0,0.0,1.0,0.0,0.0,0.0,0.0,1.0,0.0,0.0,0.0,0.0,0.0,0.0,0.0,0.0,1.0,0.0,0.0,0.0
76.0,Bank B,REA Authorization Transfer MRV,2010.0,Banking,Payments,Plan-driven,COBOL,Major Enhancement (25-75% new),319.0,9.9,1259455.0,0.0,1.0,0.0,0.0,0.0,1.0,0.0,0.0,0.0,0.0,0.0,0.0,0.0,0.0,0.0,0.0,0.0,0.0,0.0
79.0,Bank B,Maintenance release Savings,2010.0,Banking,Savings & Loans,Plan-driven,COBOL,Major Enhancement (25-75% new),60.0,5.9,483133.0,0.0,0.0,0.0,0.0,0.0,0.0,0.0,0.0,0.0,0.0,0.0,0.0,0.0,0.0,0.0,0.0,0.0,0.0,0.0
334.0,Bank A,Maintenance and enhancements project on an existing payments application; Payments Private Banking Functionality,2011.0,Banking,Payments,Plan-driven,COBOL,Major Enhancement (25-75% new),135.0,13.71,474810.0,0.0,1.0,0.0,0.0,0.0,1.0,0.0,0.0,0.0,0.0,0.0,0.0,0.0,0.0,1.0,0.0,0.0,1.0,0.0
26.0,Bank B,New functionality and maintenance on existing application; sub-project of a phased project; phase 6,2008.0,Banking,Payments,Plan-driven,FOCUS,Major Enhancement (25-75% new),45.0,0.9,18080.0,0.0,0.0,0.0,1.0,0.0,1.0,0.0,0.0,0.0,0.0,0.0,0.0,0.0,0.0,0.0,0.0,0.0,0.0,0.0
41.0,Bank B,MiFiD (Markets in Financial Instruments Directive) 2,2009.0,Banking,Savings & Loans,Plan-driven,JAVA,Major Enhancement (25-75% new),251.0,10.07,688401.0,0.0,0.0,0.0,1.0,0.0,1.0,0.0,0.0,0.0,0.0,0.0,0.0,0.0,0.0,0.0,0.0,0.0,0.0,0.0
56.0,Bank B,Realisation BBS 4.1,2010.0,Banking,Finance & Risk,Plan-driven,JAVA,Major Enhancement (25-75% new),352.0,19.0,3197867.0,0.0,1.0,0.0,0.0,0.0,0.0,0.0,0.0,0.0,0.0,0.0,0.0,0.0,0.0,0.0,0.0,0.0,0.0,0.0
105.0,Bank B,Build and enhance Advisory Module Savings,2011.0,Banking,Client and Account Management,Scrum,JAVA,Major Enhancement (25-75% new),134.0,8.65,848811.0,0.0,1.0,0.0,0.0,0.0,1.0,0.0,0.0,0.0,0.0,0.0,0.0,0.0,0.0,0.0,0.0,0.0,1.0,0.0
151.0,Bank A,Enhancements and new functionality release on an existing webapplication; sub-project of a large customer migration program; wave 1 Tranche C/D Internet,2010.0,Banking,Internet & Mobile,Plan-driven,JAVA,Major Enhancement (25-75% new),150.0,15.31,572000.0,0.0,0.0,0.0,1.0,1.0,0.0,1.0,0.0,0.0,0.0,0.0,0.0,0.0,0.0,0.0,0.0,1.0,0.0,0.0
197.0,Bank A,Maintenance and new functionality project on an existing mortgages application with regard to improvement of cost transparency,2010.0,Banking,Mortgages,Plan-driven,JAVA,Major Enhancement (25-75% new),120.0,11.91,579000.0,0.0,1.0,0.0,0.0,0.0,1.0,0.0,0.0,0.0,0.0,0.0,0.0,0.0,0.0,0.0,0.0,1.0,0.0,0.0
208.0,Bank A,Maintenance and new functionality project on an existing mortgages application; Mortgages Collections Policy,2011.0,Banking,Mortgages,Plan-driven,JAVA,Major Enhancement (25-75% new),238.0,12.78,642000.0,0.0,1.0,0.0,0.0,0.0,1.0,0.0,0.0,0.0,0.0,0.0,0.0,0.0,0.0,0.0,0.0,1.0,0.0,0.0
209.0,Bank A,Maintenance and new functionality project on an existing internet application; part of a large customer migration program; Wave 2 Internet Banking - Open Environment,2010.0,Banking,Internet & Mobile,Plan-driven,JAVA,Major Enhancement (25-75% new),84.0,11.91,498000.0,0.0,0.0,0.0,1.0,0.0,1.0,1.0,0.0,0.0,0.0,0.0,0.0,0.0,0.0,0.0,0.0,1.0,0.0,0.0
218.0,Bank A,Maintenance release on an existing savings and loans application,2010.0,Banking,Savings & Loans,Plan-driven,JAVA,Major Enhancement (25-75% new),14.0,6.81,228690.0,0.0,1.0,0.0,0.0,0.0,1.0,0.0,0.0,0.0,0.0,0.0,0.0,0.0,0.0,0.0,0.0,0.0,1.0,0.0
223.0,Bank A,Maintenance and new functionality project on an existing customer information management application; part of a large customer migration program; W2 Customer Migration,2010.0,Banking,Client and Account Management,Plan-driven,JAVA,Major Enhancement (25-75% new),45.0,2.52,724470.0,0.0,0.0,0.0,1.0,1.0,0.0,1.0,0.0,0.0,0.0,0.0,0.0,0.0,0.0,0.0,0.0,1.0,0.0,0.0
242.0,Bank A,Maintenance and new functionality project on an existing client and accountmanagement application; part of a large customer migration program; Private Banking Customer Information Management Clinet Administration enhance Target,2011.0,Banking,Client and Account Management,Plan-driven,JAVA,Major Enhancement (25-75% new),315.0,11.27,695880.0,0.0,0.0,0.0,1.0,1.0,0.0,1.0,0.0,0.0,0.0,0.0,0.0,0.0,1.0,1.0,0.0,1.0,0.0,0.0
312.0,Beltel,Maintenance project on an existing CRM application; fixed price based on pre-project proposal; build and test performed by Indian supplier with strategic outsourcing agreement with Beltel; projectteam with members in Belgium and India; Change of Ownership,2011.0,Telecommunications,Client and Account Management,Plan-driven,JAVA,Major Enhancement (25-75% new),17.0,13.74,113040.0,0.0,0.0,1.0,0.0,0.0,1.0,0.0,0.0,0.0,0.0,0.0,0.0,0.0,1.0,0.0,0.0,0.0,1.0,0.0
321.0,Beltel,"Maintenance and enhancements project on an existing CRM application; fixed price based on pre-project proposal; build and test performed by Indian supplier with strategic outsourcing agreement with Beltel; fixed, experienced projectteam with members in Belgium and India; CRM: Quick Wins 1",2012.0,Telecommunications,Client and Account Management,Plan-driven,JAVA,Major Enhancement (25-75% new),81.0,10.4,210640.0,0.0,0.0,1.0,0.0,0.0,1.0,0.0,0.0,0.0,0.0,0.0,0.0,0.0,0.0,0.0,1.0,0.0,0.0,0.0
40.0,Bank B,INBP CRM Phase 1,2009.0,Banking,Client and Account Management,Plan-driven,ORACLE,Major Enhancement (25-75% new),205.0,15.04,6802466.0,0.0,0.0,0.0,1.0,0.0,0.0,0.0,0.0,0.0,0.0,0.0,0.0,0.0,0.0,0.0,0.0,0.0,0.0,0.0
43.0,Bank B,BBI Phase 2a and 2b (migration),2009.0,Banking,Finance & Risk,Plan-driven,ORACLE,Major Enhancement (25-75% new),366.0,9.78,1861945.0,0.0,0.0,0.0,1.0,0.0,0.0,1.0,0.0,0.0,0.0,0.0,0.0,0.0,0.0,0.0,0.0,0.0,0.0,0.0
158.0,Bank A,Maintenance and new functionality release on an existing savings and loans application,2008.0,Banking,Savings & Loans,Plan-driven,RPG,Major Enhancement (25-75% new),457.0,8.09,1363712.0,0.0,1.0,0.0,0.0,0.0,1.0,0.0,0.0,0.0,0.0,0.0,0.0,0.0,0.0,0.0,0.0,0.0,0.0,0.0
166.0,Bank A,Maintenance and new functionality release on an existing callcenter application; Auto2009-1,2009.0,Banking,Call Center Solutions,Plan-driven,RPG,Major Enhancement (25-75% new),73.0,3.35,176888.0,0.0,1.0,0.0,0.0,0.0,1.0,0.0,0.0,0.0,0.0,1.0,0.0,0.0,0.0,0.0,0.0,0.0,1.0,1.0
96.0,Bank B,Maintenance and new functionality release on one application CRMi 2014,2010.0,Banking,Client and Account Management,Plan-driven,Siebel,Major Enhancement (25-75% new),189.0,5.89,266511.0,0.0,1.0,0.0,0.0,0.0,1.0,0.0,0.0,0.0,0.0,0.0,0.0,0.0,0.0,0.0,0.0,0.0,0.0,0.0
161.0,Bank A,Maintenance and new functionality release on an existing data warehouse & BI application; OneFar CIA,2008.0,Banking,Data Warehouse & BI,Plan-driven,SQL,Major Enhancement (25-75% new),425.0,12.62,469100.0,0.0,0.0,0.0,1.0,0.0,1.0,0.0,0.0,0.0,0.0,0.0,0.0,0.0,0.0,0.0,0.0,0.0,0.0,0.0
165.0,Bank A,Maintenance and new functionality project on an existing mortgages application; H1S,2009.0,Banking,Mortgages,Plan-driven,3GL,Conversion (<5% new),254.0,8.44,1025700.0,0.0,1.0,0.0,0.0,0.0,1.0,0.0,0.0,0.0,0.0,0.0,0.0,0.0,0.0,0.0,0.0,0.0,0.0,0.0
167.0,Bank A,Maintenance and enhancement project on an existing mortgages application; Bank Savings Acoount Mortgage Short Term,2009.0,Banking,Mortgages,Plan-driven,3GL,Conversion (<5% new),374.0,10.1,1764156.0,0.0,1.0,0.0,0.0,0.0,1.0,0.0,0.0,0.0,0.0,0.0,0.0,0.0,0.0,0.0,0.0,0.0,1.0,0.0
30.0,Bank B,New functionality and maintenance release on one application,2009.0,Banking,Organization,Plan-driven,COBOL,Conversion (<5% new),255.0,8.51,661289.0,0.0,1.0,0.0,0.0,0.0,1.0,0.0,0.0,0.0,0.0,0.0,0.0,0.0,0.0,0.0,0.0,0.0,0.0,0.0
33.0,Bank B,Bank Savings release 3,2010.0,Banking,Savings & Loans,Plan-driven,COBOL,Conversion (<5% new),294.0,16.53,2072744.0,0.0,1.0,0.0,0.0,0.0,0.0,0.0,0.0,0.0,0.0,0.0,0.0,0.0,0.0,0.0,0.0,1.0,0.0,0.0
13.0,Bank B,CIV Product Image,2009.0,Banking,Client and Account Management,Plan-driven,JAVA,Conversion (<5% new),518.0,14.65,2007250.0,0.0,1.0,0.0,0.0,0.0,1.0,0.0,0.0,0.0,0.0,0.0,0.0,0.0,0.0,0.0,0.0,0.0,0.0,0.0
60.0,Bank B,Realisation Online Member Influence,2010.0,Banking,Client and Account Management,Plan-driven,JAVA,Conversion (<5% new),306.0,9.15,710177.0,0.0,1.0,0.0,0.0,0.0,0.0,0.0,0.0,0.0,0.0,0.0,0.0,0.0,0.0,0.0,0.0,0.0,0.0,0.0
235.0,Bank A,Maintenance and new functionality project on an existing mortgages application; AFM Checking; Rules & Regulations driven project,2011.0,Banking,Mortgages,Plan-driven,JAVA,Conversion (<5% new),168.0,19.26,1024000.0,0.0,1.0,0.0,0.0,0.0,1.0,0.0,0.0,0.0,0.0,0.0,0.0,0.0,0.0,0.0,0.0,1.0,0.0,0.0
297.0,Bank A,Maintenance and new functionality release on a finance & risk application; fixed and experienced team that releases monthly; steady heartbeat; release-based working mapped on one application; during 2011 / 2012 the delivery method changed from plan-driven to Scrum; APL-B Release 2012-01 (January),2012.0,Banking,Finance & Risk,Scrum,ORACLE,Conversion (<5% new),5.0,2.54,35540.0,1.0,0.0,0.0,0.0,0.0,1.0,0.0,0.0,0.0,0.0,0.0,1.0,1.0,0.0,0.0,0.0,0.0,1.0,0.0
295.0,Bank A,Maintenance and new functionality release on a finance & risk application; fixed and experienced team that releases monthly; steady heartbeat; release-based working mapped on one application; during 2011 / 2012 the delivery method changed from plan-driven to Scrum; APL-B Release 2011-11 (November),2011.0,Banking,Finance & Risk,Plan-driven,ORACLE,New Development,9.0,2.48,41370.0,1.0,0.0,0.0,0.0,0.0,1.0,0.0,0.0,0.0,0.0,0.0,1.0,1.0,0.0,0.0,0.0,0.0,1.0,0.0
301.0,Bank A,Maintenance and new functionality release on a finance & risk application; fixed and experienced team that releases monthly; steady heartbeat; release-based working mapped on one application; during 2011 / 2012 the delivery method changed from plan-driven to Scrum; APL-B Release 2012-05 (May),2012.0,Banking,Finance & Risk,Scrum,ORACLE,New Development,25.0,2.5,33900.0,1.0,0.0,0.0,0.0,0.0,1.0,0.0,0.0,0.0,0.0,0.0,1.0,1.0,0.0,0.0,0.0,0.0,1.0,0.0
304.0,Bank A,Maintenance and new functionality release on a finance & risk application; fixed and experienced team that releases monthly; steady heartbeat; release-based working mapped on one application; during 2011 / 2012 the delivery method changed from plan-driven to Scrum; APL-B Release 2012-08 (August),2012.0,Banking,Finance & Risk,Scrum,ORACLE,New Development,10.0,2.5,32770.0,1.0,0.0,0.0,0.0,0.0,1.0,0.0,0.0,0.0,0.0,0.0,1.0,1.0,0.0,0.0,0.0,0.0,1.0,0.0
303.0,Bank A,Maintenance and new functionality release on a finance & risk application; fixed and experienced team that releases monthly; steady heartbeat; release-based working mapped on one application; during 2011 / 2012 the delivery method changed from plan-driven to Scrum; APL-B Release 2012-07 (July),2012.0,Banking,Finance & Risk,Scrum,ORACLE,Major Enhancement (25-75% new),57.0,2.48,32430.0,1.0,0.0,0.0,0.0,0.0,1.0,0.0,0.0,0.0,0.0,0.0,1.0,1.0,0.0,0.0,0.0,0.0,1.0,0.0
302.0,Bank A,Maintenance and new functionality release on a finance & risk application; fixed and experienced team that releases monthly; steady heartbeat; release-based working mapped on one application; during 2011 / 2012 the delivery method changed from plan-driven to Scrum; APL-B Release 2012-06 (June),2012.0,Banking,Finance & Risk,Scrum,ORACLE,Conversion (<5% new),41.0,2.48,32850.0,1.0,0.0,0.0,0.0,0.0,1.0,0.0,0.0,0.0,0.0,0.0,1.0,1.0,0.0,0.0,0.0,0.0,1.0,0.0
300.0,Bank A,Maintenance and new functionality release on a finance & risk application; fixed and experienced team that releases monthly; steady heartbeat; release-based working mapped on one application; during 2011 / 2012 the delivery method changed from plan-driven to Scrum; APL-B Release 2012-04 (April),2012.0,Banking,Finance & Risk,Scrum,ORACLE,New Development,20.0,2.48,44020.0,1.0,0.0,0.0,0.0,0.0,1.0,0.0,0.0,0.0,0.0,0.0,1.0,1.0,0.0,0.0,0.0,0.0,1.0,0.0
292.0,Bank A,Maintenance and new functionality release on a finance & risk application; fixed and experienced team that releases monthly; steady heartbeat; release-based working mapped on one application; during 2011 / 2012 the delivery method changed from plan-driven to Scrum; APL-B Release 2011-08 (August),2011.0,Banking,Finance & Risk,Plan-driven,ORACLE,Major Enhancement (25-75% new),52.0,2.5,49730.0,1.0,0.0,0.0,0.0,0.0,1.0,0.0,0.0,0.0,0.0,0.0,1.0,1.0,0.0,0.0,0.0,0.0,1.0,0.0
296.0,Bank A,Maintenance and new functionality release on a finance & risk application; fixed and experienced team that releases monthly; steady heartbeat; release-based working mapped on one application; during 2011 / 2012 the delivery method changed from plan-driven to Scrum; APL-B Release 2011-12 (December),2012.0,Banking,Finance & Risk,Plan-driven,ORACLE,Minor Enhancement (5-25% new),30.0,2.48,29360.0,1.0,0.0,0.0,0.0,0.0,1.0,0.0,0.0,0.0,0.0,0.0,1.0,1.0,0.0,0.0,0.0,0.0,1.0,0.0
290.0,Bank A,Maintenance and new functionality release on a finance & risk application; fixed and experienced team that releases monthly; steady heartbeat; release-based working mapped on one application; during 2011 / 2012 the delivery method changed from plan-driven to Scrum; APL-A Release 2012-07 (July),2012.0,Banking,Finance & Risk,Scrum,ORACLE,Major Enhancement (25-75% new),32.0,2.48,41140.0,1.0,0.0,0.0,0.0,0.0,1.0,0.0,0.0,0.0,0.0,0.0,1.0,1.0,0.0,0.0,0.0,0.0,1.0,0.0
279.0,Bank A,Maintenance and new functionality release on a finance & risk application; fixed and experienced team that releases monthly; steady heartbeat; release-based working mapped on one application; during 2011 / 2012 the delivery method changed from plan-driven to Scrum; APL-A Release 2011-08 (August),2011.0,Banking,Finance & Risk,Plan-driven,ORACLE,New Development,22.0,2.5,41790.0,1.0,0.0,0.0,0.0,0.0,1.0,0.0,0.0,0.0,0.0,0.0,1.0,1.0,0.0,0.0,0.0,0.0,1.0,0.0
282.0,Bank A,Maintenance and new functionality release on a finance & risk application; fixed and experienced team that releases monthly; steady heartbeat; release-based working mapped on one application; during 2011 / 2012 the delivery method changed from plan-driven to Scrum; APL-A Release 2011-11 (November),2011.0,Banking,Finance & Risk,Plan-driven,ORACLE,New Development,31.0,2.48,41370.0,1.0,0.0,0.0,0.0,0.0,1.0,0.0,0.0,0.0,0.0,0.0,1.0,1.0,0.0,0.0,0.0,0.0,1.0,0.0
283.0,Bank A,Maintenance and new functionality release on a finance & risk application; fixed and experienced team that releases monthly; steady heartbeat; release-based working mapped on one application; during 2011 / 2012 the delivery method changed from plan-driven to Scrum; APL-A Release 2011-12 (December),2012.0,Banking,Finance & Risk,Plan-driven,ORACLE,New Development,47.0,2.48,29360.0,1.0,0.0,0.0,0.0,0.0,1.0,0.0,0.0,0.0,0.0,0.0,1.0,1.0,0.0,0.0,0.0,0.0,1.0,0.0
284.0,Bank A,Maintenance and new functionality release on a finance & risk application; fixed and experienced team that releases monthly; steady heartbeat; release-based working mapped on one application; during 2011 / 2012 the delivery method changed from plan-driven to Scrum; APL-A Release 2012-01 (January),2012.0,Banking,Finance & Risk,Scrum,ORACLE,New Development,16.0,2.54,49270.0,1.0,0.0,0.0,0.0,0.0,1.0,0.0,0.0,0.0,0.0,0.0,1.0,1.0,0.0,0.0,0.0,0.0,1.0,0.0
287.0,Bank A,Maintenance and new functionality release on a finance & risk application; fixed and experienced team that releases monthly; steady heartbeat; release-based working mapped on one application; during 2011 / 2012 the delivery method changed from plan-driven to Scrum; APL-A Release 2012-04 (April),2012.0,Banking,Finance & Risk,Scrum,ORACLE,New Development,13.0,2.48,18230.0,1.0,0.0,0.0,0.0,0.0,1.0,0.0,0.0,0.0,0.0,0.0,1.0,1.0,0.0,0.0,0.0,0.0,1.0,0.0
291.0,Bank A,Maintenance and new functionality release on a finance & risk application; fixed and experienced team that releases monthly; steady heartbeat; release-based working mapped on one application; during 2011 / 2012 the delivery method changed from plan-driven to Scrum; APL-A Release 2012-08 (August),2012.0,Banking,Finance & Risk,Scrum,ORACLE,New Development,55.0,2.5,31880.0,1.0,0.0,0.0,0.0,0.0,1.0,0.0,0.0,0.0,0.0,0.0,1.0,1.0,0.0,0.0,0.0,0.0,1.0,0.0
293.0,Bank A,Maintenance and new functionality release on a finance & risk application; fixed and experienced team that releases monthly; steady heartbeat; release-based working mapped on one application; during 2011 / 2012 the delivery method changed from plan-driven to Scrum; APL-B Release 2011-09 (September),2011.0,Banking,Finance & Risk,Plan-driven,ORACLE,Major Enhancement (25-75% new),28.0,2.48,33100.0,1.0,0.0,0.0,0.0,0.0,1.0,0.0,0.0,0.0,0.0,0.0,1.0,1.0,0.0,0.0,0.0,0.0,1.0,0.0
285.0,Bank A,Maintenance and new functionality release on a finance & risk application; fixed and experienced team that releases monthly; steady heartbeat; release-based working mapped on one application; during 2011 / 2012 the delivery method changed from plan-driven to Scrum; APL-A Release 2012-02 (February),2012.0,Banking,Finance & Risk,Scrum,ORACLE,Conversion (<5% new),14.0,2.48,33220.0,1.0,0.0,0.0,0.0,0.0,1.0,0.0,0.0,0.0,0.0,0.0,1.0,1.0,0.0,0.0,0.0,0.0,1.0,0.0
289.0,Bank A,Maintenance and new functionality release on a finance & risk application; fixed and experienced team that releases monthly; steady heartbeat; release-based working mapped on one application; during 2011 / 2012 the delivery method changed from plan-driven to Scrum; APL-A Release 2012-06 (June),2012.0,Banking,Finance & Risk,Scrum,ORACLE,Conversion (<5% new),41.0,2.48,37000.0,1.0,0.0,0.0,0.0,0.0,1.0,0.0,0.0,0.0,0.0,0.0,1.0,1.0,0.0,0.0,0.0,0.0,1.0,0.0
298.0,Bank A,Maintenance and new functionality release on a finance & risk application; fixed and experienced team that releases monthly; steady heartbeat; release-based working mapped on one application; during 2011 / 2012 the delivery method changed from plan-driven to Scrum; APL-B Release 2012-02 (February),2012.0,Banking,Finance & Risk,Scrum,ORACLE,New Development,18.0,2.48,35960.0,1.0,0.0,0.0,0.0,0.0,1.0,0.0,0.0,0.0,0.0,0.0,1.0,1.0,0.0,0.0,0.0,0.0,1.0,0.0
294.0,Bank A,Maintenance and new functionality release on a finance & risk application; fixed and experienced team that releases monthly; steady heartbeat; release-based working mapped on one application; during 2011 / 2012 the delivery method changed from plan-driven to Scrum; APL-B Release 2011-10 (October),2011.0,Banking,Finance & Risk,Plan-driven,ORACLE,New Development,30.0,2.5,26590.0,1.0,0.0,0.0,0.0,0.0,1.0,0.0,0.0,0.0,0.0,0.0,1.0,1.0,0.0,0.0,0.0,0.0,1.0,0.0
299.0,Bank A,Maintenance and new functionality release on a finance & risk application; fixed and experienced team that releases monthly; steady heartbeat; release-based working mapped on one application; during 2011 / 2012 the delivery method changed from plan-driven to Scrum; APL-B Release 2012-03 (March),2012.0,Banking,Finance & Risk,Scrum,ORACLE,Major Enhancement (25-75% new),24.0,2.5,34820.0,1.0,0.0,0.0,0.0,0.0,1.0,0.0,0.0,0.0,0.0,0.0,1.0,1.0,0.0,0.0,0.0,0.0,1.0,0.0
346.0,Bank A,"Maintenance, enhancements and new functionality release on an existing payments application; FTP Release 2012 ll",2012.0,Banking,Payments,Plan-driven,COBOL,New Development,234.0,7.53,318000.0,1.0,0.0,0.0,0.0,0.0,1.0,0.0,0.0,0.0,0.0,0.0,0.0,0.0,0.0,0.0,0.0,0.0,1.0,0.0
263.0,Bank A,Maintenance and new functionality release on an existing front office  application; Front Office Application Release 1103 - Scrum 02,2011.0,Banking,Front Office Solutions,Scrum,JAVA,New Development,236.0,4.14,351410.0,1.0,0.0,0.0,0.0,0.0,1.0,0.0,0.0,0.0,0.0,0.0,1.0,1.0,0.0,0.0,0.0,0.0,1.0,0.0
280.0,Bank A,Maintenance and new functionality release on a finance & risk application; fixed and experienced team that releases monthly; steady heartbeat; release-based working mapped on one application; during 2011 / 2012 the delivery method changed from plan-driven to Scrum; APL-A Release 2011-09 (September),2011.0,Banking,Finance & Risk,Plan-driven,ORACLE,New Development,26.0,2.48,41030.0,1.0,0.0,0.0,0.0,0.0,1.0,0.0,0.0,0.0,0.0,0.0,1.0,1.0,0.0,0.0,0.0,0.0,1.0,0.0
286.0,Bank A,Maintenance and new functionality release on a finance & risk application; fixed and experienced team that releases monthly; steady heartbeat; release-based working mapped on one application; during 2011 / 2012 the delivery method changed from plan-driven to Scrum; APL-A Release 2012-03 (March),2012.0,Banking,Finance & Risk,Scrum,ORACLE,New Development,21.0,2.5,30910.0,1.0,0.0,0.0,0.0,0.0,1.0,0.0,0.0,0.0,0.0,0.0,1.0,1.0,0.0,0.0,0.0,0.0,1.0,0.0
281.0,Bank A,Maintenance and new functionality release on a finance & risk application; fixed and experienced team that releases monthly; steady heartbeat; release-based working mapped on one application; during 2011 / 2012 the delivery method changed from plan-driven to Scrum; APL-A Release 2011-10 (October),2011.0,Banking,Finance & Risk,Plan-driven,ORACLE,Minor Enhancement (5-25% new),49.0,2.48,26590.0,1.0,0.0,0.0,0.0,0.0,1.0,0.0,0.0,0.0,0.0,0.0,1.0,1.0,0.0,0.0,0.0,0.0,1.0,0.0
335.0,Bank A,Maintenance and enhancements release on an existing payments application; FTP BPC/ECA Release 2011-1,2011.0,Banking,Payments,Plan-driven,COBOL,Major Enhancement (25-75% new),146.0,11.39,535160.0,1.0,0.0,0.0,0.0,0.0,1.0,0.0,0.0,0.0,0.0,0.0,0.0,0.0,0.0,0.0,0.0,0.0,1.0,0.0
288.0,Bank A,Maintenance and new functionality release on a finance & risk application; fixed and experienced team that releases monthly; steady heartbeat; release-based working mapped on one application; during 2011 / 2012 the delivery method changed from plan-driven to Scrum; APL-A Release 2012-05 (May),2012.0,Banking,Finance & Risk,Scrum,ORACLE,Major Enhancement (25-75% new),48.0,2.5,40530.0,1.0,0.0,0.0,0.0,0.0,1.0,0.0,0.0,0.0,0.0,0.0,1.0,1.0,0.0,0.0,0.0,0.0,1.0,0.0
347.0,Bank A,Maintenance and enhancements release on an existing payments application; SDP Release 2012-02,2012.0,Banking,Payments,Plan-driven,COBOL,Minor Enhancement (5-25% new),261.0,8.09,551630.0,1.0,0.0,0.0,0.0,0.0,1.0,0.0,0.0,0.0,0.0,0.0,0.0,0.0,0.0,1.0,0.0,0.0,1.0,0.0
254.0,Bank A,Maintenance and new functionality release on an existing callcenter application; Front Office Application 2.0 RD Mail Functionality,2011.0,Banking,Data Warehouse & BI,Scrum,JAVA,Major Enhancement (25-75% new),309.0,4.52,138430.0,1.0,0.0,0.0,0.0,0.0,1.0,0.0,0.0,0.0,0.0,0.0,1.0,1.0,0.0,0.0,0.0,0.0,1.0,0.0
340.0,Bank A,"New functionality and enhancements project on an existing payments package application (xxx); update and maintenance of a customized package solution by a German supplier; many problems with external supplier (high number of defects, bad communication); part of a (phased) program; xxx Package Updates Release 7.2",2011.0,Banking,Payments,Plan-driven,COBOL,New Development,873.0,16.84,4827000.0,1.0,0.0,0.0,0.0,0.0,1.0,0.0,1.0,0.0,0.0,1.0,0.0,0.0,1.0,1.0,0.0,0.0,1.0,0.0
341.0,Bank A,"New functionality and enhancements project on an existing payments package application (xxx); update and maintenance of a customized package solution by a German supplier; many problems with external supplier (high number of defects, bad communication); part of a (phased) program; xxx Package Updates Release 7.3",2012.0,Banking,Payments,Plan-driven,COBOL,New Development,119.0,21.18,972380.0,1.0,0.0,0.0,0.0,0.0,1.0,0.0,1.0,0.0,0.0,1.0,0.0,0.0,1.0,1.0,0.0,0.0,1.0,0.0
277.0,Bank A,Maintenance and enhancements project on an existing internet application; sharpening WW demands,2011.0,Banking,Internet & Mobile,Scrum,JAVA,Minor Enhancement (5-25% new),55.0,4.2,223780.0,1.0,0.0,0.0,0.0,0.0,1.0,0.0,0.0,1.0,0.0,0.0,0.0,0.0,0.0,0.0,1.0,0.0,0.0,0.0
121.0,Bank B,EDV (Extended Duration Treasury Vanguard) Maintenance,2010.0,Banking,Savings & Loans,Plan-driven,Visual Basic,Major Enhancement (25-75% new),27.0,3.0,85422.0,1.0,0.0,0.0,0.0,0.0,1.0,0.0,0.0,0.0,0.0,0.0,0.0,0.0,0.0,0.0,0.0,0.0,0.0,0.0
118.0,Bank B,Maintenance and new functionality release on one application Maintenance DPF 2011 2011.4,2011.0,Banking,Finance & Risk,Plan-driven,.NET,New Development,70.0,2.82,73222.0,1.0,0.0,0.0,0.0,0.0,1.0,0.0,0.0,0.0,0.0,0.0,0.0,0.0,0.0,0.0,0.0,0.0,0.0,0.0
89.0,Bank B,Release Management Syfact 3.0.5a,2010.0,Banking,Organization,Plan-driven,JAVA,New Development,52.0,4.75,95722.0,1.0,0.0,0.0,0.0,0.0,1.0,0.0,0.0,0.0,0.0,0.0,0.0,0.0,0.0,0.0,0.0,0.0,0.0,0.0
122.0,Bank B,Procurius (Dividend Policy) Release 4.2 2011,2011.0,Banking,Organization,Plan-driven,.NET,Minor Enhancement (5-25% new),60.0,2.7,70389.0,1.0,0.0,0.0,0.0,0.0,1.0,0.0,0.0,0.0,0.0,0.0,0.0,0.0,0.0,0.0,0.0,0.0,1.0,0.0
270.0,Bank A,New functionality project on an existing mobile app application; Payments via Ideal on Mobile App,2011.0,Banking,Internet & Mobile,Scrum,JAVA,New Development,36.0,5.42,222230.0,1.0,0.0,0.0,0.0,0.0,1.0,0.0,0.0,0.0,0.0,0.0,0.0,1.0,0.0,0.0,0.0,0.0,1.0,0.0
88.0,Bank B,Release Management Syfact 3.0.5b,2010.0,Banking,Organization,Plan-driven,C++,New Development,64.0,2.81,138433.0,1.0,0.0,0.0,0.0,0.0,1.0,0.0,0.0,0.0,0.0,0.0,0.0,0.0,0.0,0.0,0.0,0.0,0.0,0.0
119.0,Bank B,Maestro RFC Release Q2,2011.0,Banking,Organization,Plan-driven,.NET,New Development,577.0,5.63,651467.0,1.0,0.0,0.0,0.0,0.0,1.0,0.0,0.0,0.0,0.0,0.0,0.0,0.0,0.0,0.0,0.0,0.0,1.0,0.0
150.0,Bank A,Small enhancement an an exsiting Front Office Application,2010.0,Banking,Front Office Solutions,Plan-driven,.NET,New Development,10.0,7.76,358180.0,1.0,0.0,0.0,0.0,0.0,1.0,0.0,0.0,0.0,0.0,0.0,1.0,1.0,0.0,0.0,0.0,0.0,1.0,0.0
238.0,Bank A,Maintenance release on an existing savings application; Bank Savings Release 2A,2011.0,Banking,Savings & Loans,Plan-driven,JAVA,New Development,73.0,9.85,298790.0,1.0,0.0,0.0,0.0,0.0,1.0,0.0,0.0,0.0,0.0,0.0,0.0,0.0,0.0,0.0,0.0,1.0,0.0,0.0
106.0,Bank B,Internet Banking Website Release 9.2,2010.0,Banking,Organization,Plan-driven,.NET,Minor Enhancement (5-25% new),91.0,6.34,232100.0,1.0,0.0,0.0,0.0,0.0,1.0,0.0,0.0,0.0,0.0,0.0,0.0,0.0,0.0,0.0,0.0,0.0,1.0,0.0
87.0,Bank B,Release Management Syfact 3.0.5.d,2011.0,Banking,Organization,Plan-driven,JAVA,Major Enhancement (25-75% new),96.0,6.0,207467.0,1.0,0.0,0.0,0.0,0.0,1.0,0.0,0.0,0.0,0.0,0.0,0.0,0.0,0.0,0.0,0.0,0.0,0.0,0.0
114.0,Bank B,EDV (Extended Duration Treasury Vanguard) Management Information,2011.0,Banking,Savings & Loans,Scrum,.NET,New Development,175.0,4.81,183544.0,1.0,0.0,0.0,0.0,0.0,1.0,0.0,0.0,0.0,0.0,0.0,0.0,0.0,0.0,0.0,0.0,0.0,0.0,0.0
247.0,Bank A,Maintenance and new functionality release on an existing front office application; Looking Glass Front Office Application Release 11.3,2011.0,Banking,Front Office Solutions,Scrum,JAVA,Minor Enhancement (5-25% new),164.0,6.33,440490.0,1.0,0.0,0.0,0.0,0.0,1.0,0.0,0.0,0.0,0.0,0.0,1.0,1.0,0.0,0.0,0.0,0.0,1.0,0.0
344.0,Bank A,Maintenance and enhancements release on an existing payments application; SDP Release 2011-01,2012.0,Banking,Payments,Plan-driven,COBOL,Minor Enhancement (5-25% new),238.0,6.61,420760.0,1.0,0.0,0.0,0.0,0.0,1.0,0.0,0.0,0.0,0.0,0.0,0.0,0.0,0.0,1.0,0.0,0.0,1.0,0.0
196.0,Bank A,Maintenance release on an callcenter application; 11.2 Problem Release 2010 ,2011.0,Banking,Call Center Solutions,Plan-driven,JAVA,New Development,141.0,10.86,321000.0,1.0,0.0,0.0,0.0,0.0,1.0,0.0,0.0,0.0,0.0,0.0,0.0,0.0,0.0,0.0,1.0,0.0,0.0,0.0
123.0,Bank B,Procurius (Dividend Policy) Release 4.1 2011,2011.0,Banking,Organization,Plan-driven,.NET,Minor Enhancement (5-25% new),377.0,3.17,278089.0,1.0,0.0,0.0,0.0,0.0,1.0,0.0,0.0,0.0,0.0,0.0,0.0,0.0,0.0,0.0,0.0,0.0,1.0,0.0
272.0,Bank A,Maintenance and new functionality release on an existing callcenter application; Callcenter AOS 12.2,2011.0,Banking,Call Center Solutions,Scrum,JAVA,Conversion (<5% new),85.0,8.41,271380.0,1.0,0.0,0.0,0.0,0.0,1.0,0.0,0.0,0.0,0.0,0.0,0.0,0.0,0.0,0.0,0.0,0.0,1.0,0.0
206.0,Bank A,Maintenance and new functionality project on an existing data warehouse application; Release 8A,2010.0,Banking,Data Warehouse & BI,Plan-driven,JAVA,Major Enhancement (25-75% new),158.0,6.67,139360.0,1.0,0.0,0.0,0.0,0.0,1.0,0.0,0.0,0.0,0.0,1.0,0.0,1.0,0.0,0.0,0.0,0.0,1.0,0.0
248.0,Bank A,Maintenance and new functionality release on an existing front office application; Front Office Application Release 1103 - Scrum 01,2011.0,Banking,Front Office Solutions,Scrum,JAVA,Major Enhancement (25-75% new),189.0,7.67,389720.0,1.0,0.0,0.0,0.0,0.0,1.0,0.0,0.0,0.0,0.0,0.0,1.0,1.0,0.0,0.0,0.0,0.0,1.0,0.0
86.0,Bank B,Release Management Syfact 5.0.0.6,2010.0,Banking,Organization,Plan-driven,PL/1,New Development,157.0,8.29,753678.0,1.0,0.0,0.0,0.0,0.0,1.0,0.0,0.0,0.0,0.0,0.0,0.0,0.0,0.0,0.0,0.0,0.0,0.0,0.0
193.0,Bank A,Maintenance and new functionality release on an existing front office application; Looking Glass Front Office Application Plateau 0 (Release 10.1),2010.0,Banking,Front Office Solutions,Plan-driven,JAVA,New Development,322.0,9.7,955550.0,1.0,0.0,0.0,0.0,0.0,1.0,0.0,0.0,0.0,0.0,0.0,1.0,1.0,0.0,0.0,0.0,0.0,1.0,0.0
190.0,Bank A,Maintenance and new functionality release on an existing front office application; Front Office Application; Jazz Release,2010.0,Banking,Front Office Solutions,Plan-driven,JAVA,Major Enhancement (25-75% new),354.0,8.11,703910.0,1.0,0.0,0.0,0.0,0.0,1.0,0.0,0.0,0.0,0.0,0.0,1.0,1.0,0.0,0.0,0.0,0.0,1.0,0.0
65.0,Bank B,HTC Release 9.0,2010.0,Banking,Finance & Risk,Plan-driven,POWERBUILDER,Major Enhancement (25-75% new),416.0,6.9,815589.0,1.0,0.0,0.0,0.0,0.0,1.0,0.0,0.0,0.0,0.0,0.0,0.0,0.0,0.0,0.0,0.0,0.0,0.0,0.0
261.0,Bank A,New functionality release on an existing mobile app; part of a phased program; Mobile Banking App Release 2,2011.0,Banking,Internet & Mobile,Scrum,JAVA,New Development,150.0,3.27,453870.0,1.0,0.0,0.0,0.0,0.0,1.0,0.0,0.0,0.0,0.0,0.0,1.0,1.0,0.0,0.0,0.0,0.0,1.0,0.0
342.0,Bank A,Maintenance and enhancements release on an existing payments application; Release 2012.1 Online (Channel Application),2012.0,Banking,Internet & Mobile,Plan-driven,JAVA,New Development,130.0,2.94,287030.0,1.0,0.0,0.0,0.0,0.0,1.0,0.0,0.0,0.0,0.0,0.0,0.0,0.0,0.0,0.0,0.0,0.0,1.0,0.0
274.0,Bank A,New functionality and enhancements project on an existing internet application; Activation Code to Customer,2011.0,Banking,Internet & Mobile,Scrum,JAVA,Minor Enhancement (5-25% new),172.0,8.18,430010.0,1.0,0.0,0.0,0.0,0.0,1.0,0.0,0.0,1.0,0.0,0.0,0.0,0.0,0.0,0.0,1.0,0.0,0.0,0.0
231.0,Bank A,Maintenance and new functionality release on an existing front office / data warehouse application; Front Office Application 2.0 Mail Functionality,2011.0,Banking,Data Warehouse & BI,Scrum,PL/SQL,Minor Enhancement (5-25% new),201.0,4.65,163380.0,1.0,0.0,0.0,0.0,0.0,1.0,0.0,0.0,0.0,0.0,0.0,1.0,1.0,0.0,0.0,0.0,0.0,1.0,0.0
192.0,Bank A,Maintenance and new functionality release on an existing front office application; Front Office Application;  Release 1101,2011.0,Banking,Front Office Solutions,Plan-driven,JAVA,Major Enhancement (25-75% new),450.0,10.58,1261000.0,1.0,0.0,0.0,0.0,0.0,1.0,0.0,0.0,0.0,0.0,0.0,1.0,1.0,0.0,0.0,0.0,0.0,1.0,0.0
276.0,Bank A,Maintenance and new functionality release on an existing callcenter application; Front Office Application Release E,2011.0,Banking,Call Center Solutions,Scrum,JAVA,Minor Enhancement (5-25% new),846.0,7.97,869660.0,1.0,0.0,0.0,0.0,0.0,1.0,0.0,0.0,0.0,0.0,0.0,1.0,0.0,0.0,0.0,0.0,0.0,1.0,0.0
189.0,Bank A,Maintenance and new functionality release on an existing front office application; Front Office Application; Release R7,2011.0,Banking,Front Office Solutions,Plan-driven,JAVA,New Development,397.0,8.54,786170.0,1.0,0.0,0.0,0.0,0.0,1.0,0.0,0.0,0.0,0.0,0.0,1.0,1.0,0.0,0.0,0.0,0.0,1.0,0.0
233.0,Bank A,Maintenance and new functionality project on an existing front office application; Looking Glass Front Office Application Release 11.2,2011.0,Banking,Front Office Solutions,Scrum,JAVA,New Development,158.0,6.42,638240.0,1.0,0.0,0.0,0.0,0.0,1.0,0.0,0.0,0.0,0.0,0.0,1.0,1.0,0.0,0.0,0.0,0.0,1.0,0.0
201.0,Bank A,Maintenance and new functionality release on an existing callcenter application; Front Office Application 2.0_R0,2010.0,Banking,Call Center Solutions,Plan-driven,JAVA,Minor Enhancement (5-25% new),654.0,9.8,1628080.0,1.0,0.0,0.0,0.0,0.0,1.0,0.0,0.0,0.0,0.0,0.0,1.0,1.0,0.0,0.0,0.0,0.0,1.0,0.0
220.0,Bank A,Maintenance and new functionality release on an existing client and account management application; Procuration Release (W2 Customer Information Management),2011.0,Banking,Client and Account Management,Plan-driven,JAVA,New Development,150.0,8.24,463740.0,1.0,0.0,0.0,0.0,0.0,0.0,0.0,0.0,0.0,0.0,0.0,0.0,0.0,0.0,0.0,1.0,0.0,0.0,0.0
204.0,Bank A,Maintenance and new functionality release on an existing callcenter application; Front Office Application 2.0_RA,2010.0,Banking,Call Center Solutions,Plan-driven,JAVA,Minor Enhancement (5-25% new),350.0,9.96,810920.0,1.0,0.0,0.0,0.0,0.0,1.0,0.0,0.0,0.0,0.0,0.0,1.0,1.0,0.0,0.0,0.0,0.0,1.0,0.0
17.0,Bank B,Maestro Release Buenos Aires (GICT) M,2010.0,Banking,Organization,Plan-driven,MAESTRO,New Development,1281.0,7.0,2582689.0,1.0,0.0,0.0,0.0,0.0,1.0,0.0,0.0,0.0,0.0,0.0,0.0,0.0,0.0,0.0,0.0,0.0,1.0,0.0
273.0,Bank A,Maintenance and new functionality project on an existing internet application; ITM Internet Banking Functionality,2011.0,Banking,Internet & Mobile,Plan-driven,JAVA,New Development,215.0,13.97,551483.0,1.0,0.0,0.0,0.0,0.0,1.0,0.0,0.0,0.0,0.0,0.0,0.0,0.0,0.0,0.0,0.0,0.0,0.0,0.0
252.0,Bank A,Maintenance and new functionality release on an existing callcenter application; Front Office Application 2.0 RD,2011.0,Banking,Call Center Solutions,Plan-driven,JAVA,Major Enhancement (25-75% new),152.0,6.45,559550.0,1.0,0.0,0.0,0.0,0.0,1.0,0.0,0.0,0.0,0.0,0.0,1.0,1.0,0.0,0.0,0.0,0.0,1.0,0.0
255.0,Bank A,Maintenance and new functionality project on an existing callcenter application; part of a large customer migration program; Callcenter AOS 12.1 Business Strategy and Private Banking,2011.0,Banking,Call Center Solutions,Scrum,JAVA,New Development,166.0,8.34,353180.0,1.0,0.0,0.0,0.0,0.0,1.0,0.0,0.0,0.0,0.0,0.0,0.0,0.0,0.0,0.0,0.0,0.0,1.0,0.0
29.0,Bank B,Maintenance release on one application,2008.0,Banking,Client and Account Management,Plan-driven,COBOL,Major Enhancement (25-75% new),71.0,4.74,814030.0,1.0,0.0,0.0,0.0,0.0,1.0,0.0,0.0,0.0,0.0,0.0,0.0,0.0,0.0,0.0,0.0,0.0,0.0,0.0
245.0,Bank A,Maintenance and new functionality release on an existing callcenter application; Front Office Application 2.0,2011.0,Banking,Call Center Solutions,Plan-driven,JAVA,Minor Enhancement (5-25% new),215.0,4.74,586830.0,1.0,0.0,0.0,0.0,0.0,1.0,0.0,0.0,0.0,0.0,0.0,1.0,1.0,0.0,0.0,0.0,0.0,1.0,0.0
202.0,Bank A,Maintenance and new functionality release on an existing callcenter application; Front Office Application 2.0_RA,2010.0,Banking,Call Center Solutions,Plan-driven,JAVA,Minor Enhancement (5-25% new),2240.0,11.36,2249310.0,1.0,0.0,0.0,0.0,0.0,1.0,0.0,0.0,0.0,0.0,0.0,1.0,1.0,0.0,0.0,0.0,0.0,1.0,0.0
19.0,Bank B,Maintenance release on one application,2008.0,Banking,Client and Account Management,Plan-driven,COBOL,New Development,477.0,6.12,1253250.0,1.0,0.0,0.0,0.0,0.0,0.0,0.0,0.0,0.0,0.0,0.0,0.0,0.0,0.0,0.0,0.0,0.0,0.0,0.0
239.0,Bank A,Maintenance and new functionality project on an existing internet application; VIA M&SS - Release 1,2011.0,Banking,Data Warehouse & BI,Plan-driven,JAVA,Minor Enhancement (5-25% new),645.0,10.83,682750.0,1.0,0.0,0.0,0.0,0.0,1.0,0.0,0.0,0.0,0.0,0.0,0.0,1.0,0.0,0.0,0.0,0.0,1.0,0.0
259.0,Bank A,Maintenance and new functionality release on an existing mortgages application; BSH 2B Mortgages,2011.0,Banking,Mortgages,Scrum,JAVA,Conversion (<5% new),523.0,15.89,1044000.0,1.0,0.0,0.0,0.0,1.0,0.0,0.0,0.0,0.0,0.0,0.0,0.0,0.0,0.0,0.0,0.0,0.0,1.0,0.0
249.0,Bank A,Maintenance and new functionality release on an existing callcenter application; Front Office Application 2.0 RC,2011.0,Banking,Call Center Solutions,Plan-driven,JAVA,Minor Enhancement (5-25% new),971.0,7.97,2193930.0,1.0,0.0,0.0,0.0,0.0,1.0,0.0,0.0,0.0,0.0,0.0,1.0,1.0,0.0,0.0,0.0,0.0,1.0,0.0
203.0,Bank A,Maintenance and new functionality release on an existing callcenter application; Front Office Application 2.0_RB,2010.0,Banking,Call Center Solutions,Plan-driven,JAVA,Minor Enhancement (5-25% new),732.0,7.62,2129450.0,1.0,0.0,0.0,0.0,0.0,1.0,0.0,0.0,0.0,0.0,0.0,1.0,1.0,0.0,0.0,0.0,0.0,1.0,0.0
250.0,Bank A,Maintenance and new functionality release on an existing callcenter application; Front Office Application 2.0 RD,2011.0,Banking,Call Center Solutions,Plan-driven,JAVA,Minor Enhancement (5-25% new),1399.0,5.1,1893320.0,1.0,0.0,0.0,0.0,0.0,1.0,0.0,0.0,0.0,0.0,0.0,1.0,1.0,0.0,0.0,0.0,0.0,1.0,0.0
216.0,Bank A,New functionality on a new Mobile Banking App; part of a number of Scrum iterations; Release 1,2011.0,Banking,Internet & Mobile,Scrum,JAVA,Major Enhancement (25-75% new),650.0,9.49,1800000.0,1.0,0.0,0.0,0.0,0.0,1.0,0.0,0.0,0.0,0.0,0.0,0.0,1.0,0.0,0.0,1.0,0.0,1.0,0.0
339.0,Bank A,"New functionality and enhancements project on an existing payments package application (xxx); update and maintenance of a customized package solution by a German supplier; many problems with external supplier (high number of defects, bad communication); part of a (phased) program; xxx Package Updates Release 7",2011.0,Banking,Payments,Plan-driven,COBOL,Major Enhancement (25-75% new),756.0,14.95,4075000.0,1.0,0.0,0.0,0.0,0.0,1.0,0.0,1.0,0.0,0.0,1.0,0.0,0.0,1.0,1.0,0.0,0.0,1.0,0.0
117.0,Bank B,Maintenance and new functionality release on one application Maintenance DPF 2011 2011.5,2011.0,Banking,Finance & Risk,Scrum,.NET,New Development,14.0,7.53,77689.0,1.0,0.0,0.0,0.0,0.0,1.0,0.0,0.0,0.0,0.0,0.0,0.0,0.0,0.0,0.0,0.0,0.0,0.0,0.0
37.0,Bank B,Maintenance Internet Website 2009.Q3,2009.0,Banking,Internet & Mobile,Plan-driven,.NET,New Development,46.0,10.26,93410.0,1.0,0.0,0.0,0.0,0.0,0.0,0.0,0.0,0.0,0.0,0.0,0.0,0.0,0.0,0.0,1.0,0.0,0.0,0.0
39.0,Bank B,Maintenance Internet Website 2009.Q1,2009.0,Banking,Internet & Mobile,Plan-driven,.NET,New Development,70.0,3.68,176433.0,1.0,0.0,0.0,0.0,0.0,0.0,0.0,0.0,0.0,0.0,0.0,0.0,0.0,0.0,0.0,1.0,0.0,0.0,0.0
70.0,Bank B,Procurius (Dividend Policy) Release 3.1,2010.0,Banking,Organization,Plan-driven,.NET,New Development,233.0,9.71,405679.0,1.0,0.0,0.0,0.0,0.0,1.0,0.0,0.0,0.0,0.0,0.0,0.0,0.0,0.0,0.0,0.0,0.0,0.0,0.0
71.0,Bank B,Procurius (Dividend Policy) Release 3.3,2010.0,Banking,Organization,Plan-driven,.NET,New Development,144.0,5.1,429333.0,1.0,0.0,0.0,0.0,0.0,1.0,0.0,0.0,0.0,0.0,0.0,0.0,0.0,0.0,0.0,0.0,0.0,0.0,0.0
83.0,Bank B,Maintenance and new functionality release 2.0 on one application,2010.0,Banking,Finance & Risk,Plan-driven,.NET,New Development,701.0,11.52,924155.0,1.0,0.0,0.0,0.0,0.0,1.0,0.0,0.0,0.0,0.0,0.0,0.0,0.0,0.0,0.0,0.0,0.0,0.0,0.0
103.0,Bank B,Maintenance and new functionality release on one application BBI Realization 2.3,2011.0,Banking,Finance & Risk,Scrum,.NET,New Development,499.0,8.22,528177.0,1.0,0.0,0.0,0.0,0.0,1.0,0.0,0.0,0.0,0.0,0.0,0.0,0.0,0.0,0.0,0.0,0.0,0.0,0.0
104.0,Bank B,Maintenance and new functionality release on one application BBI Realization 2.2,2011.0,Banking,Finance & Risk,Scrum,.NET,New Development,679.0,10.22,987600.0,1.0,0.0,0.0,0.0,0.0,1.0,0.0,0.0,0.0,0.0,0.0,0.0,0.0,0.0,0.0,0.0,0.0,0.0,0.0
112.0,Bank B,BML Proces Management 2011 (summer Release),2011.0,Banking,Organization,Plan-driven,.NET,New Development,158.0,5.37,278222.0,1.0,0.0,0.0,0.0,0.0,1.0,0.0,0.0,0.0,0.0,0.0,0.0,0.0,0.0,0.0,0.0,0.0,0.0,0.0
116.0,Bank B,Maintenance and new functionality release on one application Maintenance DPF 2011.2 ,2011.0,Banking,Finance & Risk,Plan-driven,.NET,New Development,13.0,4.3,139434.0,1.0,0.0,0.0,0.0,0.0,1.0,0.0,0.0,0.0,0.0,0.0,0.0,0.0,0.0,0.0,0.0,0.0,0.0,0.0
177.0,Bank A,Maintenance and new functionality release on an existing mortgage application; Bank Savings Acoount Mortgage Long Term - Release 1,2009.0,Banking,Mortgages,Plan-driven,3GL,New Development,257.0,18.67,1248178.0,1.0,0.0,0.0,0.0,0.0,1.0,0.0,0.0,0.0,0.0,0.0,0.0,0.0,0.0,0.0,0.0,0.0,1.0,0.0
48.0,Bank B,OH Silo ORCA - ARC200902,2009.0,Banking,Payments,Plan-driven,COBOL,New Development,9.0,7.07,60078.0,1.0,0.0,0.0,0.0,0.0,1.0,0.0,0.0,0.0,0.0,0.0,0.0,0.0,0.0,0.0,0.0,0.0,0.0,0.0
49.0,Bank B,OH Silo ORCA - CBC200901,2009.0,Banking,Payments,Plan-driven,COBOL,New Development,13.0,5.94,62444.0,1.0,0.0,0.0,0.0,0.0,1.0,0.0,0.0,0.0,0.0,0.0,0.0,0.0,0.0,0.0,0.0,0.0,0.0,0.0
50.0,Bank B,OH Silo ORCA - BOB200902,2009.0,Banking,Payments,Plan-driven,COBOL,New Development,15.0,8.06,41167.0,1.0,0.0,0.0,0.0,0.0,1.0,0.0,0.0,0.0,0.0,0.0,0.0,0.0,0.0,0.0,0.0,0.0,0.0,0.0
212.0,Bank A,Maintenance and new functionality release on an existing front office application; Front Office Application Release June 2010,2010.0,Banking,Front Office Solutions,Plan-driven,JAVA,New Development,40.0,8.07,126310.0,1.0,0.0,0.0,0.0,0.0,1.0,0.0,0.0,0.0,0.0,0.0,1.0,1.0,0.0,0.0,0.0,0.0,1.0,0.0
213.0,Bank A,Maintenance and new functionality release on an existing front office application; Looking Glass Plateau 0 (Release 10.1),2011.0,Banking,Front Office Solutions,Plan-driven,JAVA,New Development,113.0,8.45,337730.0,1.0,0.0,0.0,0.0,0.0,1.0,0.0,0.0,0.0,0.0,0.0,1.0,1.0,0.0,0.0,0.0,0.0,1.0,0.0
16.0,Bank B,Maestro Release 7.1,2009.0,Banking,Organization,Plan-driven,MAESTRO,New Development,316.0,10.28,1603622.0,1.0,0.0,0.0,0.0,0.0,1.0,0.0,0.0,0.0,0.0,0.0,0.0,0.0,0.0,0.0,0.0,0.0,1.0,0.0
12.0,Bank B,Maintenance release on one application,2008.0,Banking,Finance & Risk,Plan-driven,POWERBUILDER,New Development,784.0,5.43,923750.0,1.0,0.0,0.0,0.0,0.0,1.0,0.0,0.0,0.0,0.0,0.0,0.0,0.0,0.0,0.0,0.0,0.0,0.0,0.0
35.0,Bank B,HTC Release 7.2 2008-2009,2009.0,Banking,Finance & Risk,Plan-driven,POWERBUILDER,New Development,330.0,7.56,903250.0,1.0,0.0,0.0,0.0,0.0,1.0,0.0,0.0,0.0,0.0,0.0,0.0,0.0,0.0,0.0,0.0,0.0,0.0,0.0
62.0,Bank B,EDV (Extended Duration Treasury Vanguard) Q1 2010 Release,2010.0,Banking,Savings & Loans,Plan-driven,PRISMA,New Development,188.0,9.06,1130377.0,1.0,0.0,0.0,0.0,0.0,1.0,0.0,0.0,0.0,0.0,0.0,0.0,0.0,0.0,0.0,0.0,0.0,0.0,0.0
99.0,Bank B,EDV (Extended Duration Treasury Vanguard) Q4 2010,2010.0,Banking,Savings & Loans,Plan-driven,PRISMA,New Development,151.0,5.83,1032889.0,1.0,0.0,0.0,0.0,0.0,1.0,0.0,0.0,0.0,0.0,0.0,0.0,0.0,0.0,0.0,0.0,0.0,0.0,0.0
153.0,Bank A,Maintenance and new functionality release on an existing Front Office Application; release R5,2008.0,Banking,Front Office Solutions,Plan-driven,RPG,New Development,399.0,8.06,2498066.0,1.0,0.0,0.0,0.0,0.0,1.0,0.0,0.0,0.0,0.0,0.0,0.0,0.0,0.0,0.0,0.0,0.0,1.0,0.0
14.0,Bank B,(PCK) Plan Releases,2008.0,Banking,Organization,Plan-driven,Visual Basic,New Development,248.0,7.95,389130.0,1.0,0.0,0.0,0.0,0.0,1.0,0.0,0.0,0.0,0.0,0.0,0.0,0.0,0.0,0.0,0.0,0.0,0.0,0.0
58.0,Bank B,ROH Release 5 ,2009.0,Banking,Finance & Risk,Plan-driven,.NET,Minor Enhancement (5-25% new),65.0,9.39,314644.0,1.0,0.0,0.0,0.0,0.0,1.0,0.0,0.0,0.0,0.0,0.0,0.0,0.0,0.0,0.0,0.0,0.0,0.0,0.0
84.0,Bank B,Maintenance and new functionality release 2.1 on one application,2011.0,Banking,Finance & Risk,Plan-driven,.NET,Minor Enhancement (5-25% new),1346.0,6.93,833700.0,1.0,0.0,0.0,0.0,0.0,1.0,0.0,0.0,0.0,0.0,0.0,0.0,0.0,0.0,0.0,0.0,0.0,0.0,0.0
173.0,Bank A,Maintenance and new functionality release on an existing front office application; Front Office Application R17,2009.0,Banking,Call Center Solutions,Plan-driven,.NET,Minor Enhancement (5-25% new),113.0,4.21,235122.0,1.0,0.0,0.0,0.0,0.0,1.0,0.0,0.0,0.0,0.0,0.0,0.0,1.0,0.0,0.0,0.0,0.0,1.0,0.0
9.0,Bank B,COF 09.01 release,2009.0,Banking,Payments,Plan-driven,COBOL,Minor Enhancement (5-25% new),48.0,6.26,329380.0,1.0,0.0,0.0,0.0,0.0,1.0,0.0,0.0,0.0,0.0,0.0,0.0,0.0,0.0,0.0,0.0,0.0,0.0,0.0
34.0,Bank B,RIB/RT Realisation Release 8.90,2009.0,Banking,Client and Account Management,Plan-driven,COBOL,Minor Enhancement (5-25% new),252.0,10.87,2772434.0,1.0,0.0,0.0,0.0,0.0,1.0,0.0,0.0,0.0,0.0,0.0,0.0,0.0,0.0,0.0,0.0,0.0,0.0,0.0
146.0,Bank A,New functionality and maintenance release on existing Front Office Application; Release 18,2010.0,Banking,Call Center Solutions,Plan-driven,JAVA,Minor Enhancement (5-25% new),159.0,4.23,283070.0,1.0,0.0,0.0,0.0,0.0,1.0,0.0,0.0,0.0,0.0,0.0,0.0,1.0,0.0,0.0,0.0,1.0,1.0,0.0
241.0,Bank A,Maintenance and new functionality release on an existing mortgages application; Bank Savings Long Term Release 2a Mortgages,2011.0,Banking,Mortgages,Plan-driven,JAVA,Minor Enhancement (5-25% new),288.0,10.68,1314120.0,1.0,0.0,0.0,0.0,0.0,1.0,0.0,0.0,0.0,0.0,0.0,0.0,0.0,0.0,0.0,0.0,1.0,0.0,0.0
91.0,Bank B,Extended Duration Treasury Vanguard Q2 Release,2010.0,Banking,Savings & Loans,Plan-driven,PRISMA,Minor Enhancement (5-25% new),742.0,9.25,2185001.0,1.0,0.0,0.0,0.0,0.0,1.0,0.0,0.0,0.0,0.0,0.0,0.0,0.0,0.0,0.0,0.0,0.0,0.0,0.0
38.0,Bank B,Maintenance Internet Website 2009.Q2,2009.0,Banking,Internet & Mobile,Plan-driven,.NET,Major Enhancement (25-75% new),51.0,4.88,240755.0,1.0,0.0,0.0,0.0,0.0,0.0,0.0,0.0,0.0,0.0,0.0,0.0,0.0,0.0,0.0,1.0,0.0,0.0,0.0
66.0,Bank B,Maintenance DPF 2010-Release 2010.4,2010.0,Banking,Finance & Risk,Plan-driven,.NET,Major Enhancement (25-75% new),60.0,2.26,96555.0,1.0,0.0,0.0,0.0,0.0,1.0,0.0,0.0,0.0,0.0,0.0,0.0,0.0,0.0,0.0,1.0,0.0,0.0,0.0
68.0,Bank B,Procurius (Dividend Policy) Release 3.2,2010.0,Banking,Organization,Plan-driven,.NET,Major Enhancement (25-75% new),224.0,5.91,255067.0,1.0,0.0,0.0,0.0,0.0,1.0,0.0,0.0,0.0,0.0,0.0,0.0,0.0,0.0,0.0,0.0,0.0,0.0,0.0
69.0,Bank B,Procurius (Dividend Policy) Release 3.0,2010.0,Banking,Organization,Plan-driven,.NET,Major Enhancement (25-75% new),34.0,4.48,64478.0,1.0,0.0,0.0,0.0,0.0,1.0,0.0,0.0,0.0,0.0,0.0,0.0,0.0,0.0,0.0,0.0,0.0,0.0,0.0
28.0,Bank B,Maintenance release on one application,2009.0,Banking,Payments,Plan-driven,COBOL,Major Enhancement (25-75% new),43.0,4.65,417380.0,1.0,0.0,0.0,0.0,0.0,1.0,0.0,0.0,0.0,0.0,0.0,0.0,0.0,0.0,0.0,0.0,0.0,0.0,0.0
44.0,Bank B,COF 09.02 Release,2009.0,Banking,Payments,Plan-driven,COBOL,Major Enhancement (25-75% new),48.0,4.33,381250.0,1.0,0.0,0.0,0.0,0.0,1.0,0.0,0.0,0.0,0.0,0.0,0.0,0.0,0.0,0.0,0.0,0.0,0.0,0.0
45.0,Bank B,OH Silo ORCA - CROS200901,2009.0,Banking,Payments,Plan-driven,COBOL,Major Enhancement (25-75% new),60.0,5.4,348889.0,1.0,0.0,0.0,0.0,0.0,1.0,0.0,0.0,0.0,0.0,0.0,0.0,0.0,0.0,0.0,0.0,0.0,0.0,0.0
46.0,Bank B,OH Silo ORCA - CROS200904,2009.0,Banking,Payments,Plan-driven,COBOL,Major Enhancement (25-75% new),122.0,8.38,308444.0,1.0,0.0,0.0,0.0,0.0,1.0,0.0,0.0,0.0,0.0,0.0,0.0,0.0,0.0,0.0,0.0,0.0,0.0,0.0
63.0,Bank B,HTC Release 9.0 - Printnet,2010.0,Banking,Finance & Risk,Plan-driven,JAVA,Major Enhancement (25-75% new),95.0,7.95,393055.0,1.0,0.0,0.0,0.0,0.0,1.0,0.0,0.0,0.0,0.0,0.0,0.0,0.0,0.0,0.0,1.0,0.0,0.0,0.0
81.0,Bank B,Build a new Mobile Banking App,2011.0,Banking,Internet & Mobile,Scrum,JAVA,Major Enhancement (25-75% new),1067.0,19.0,2272411.0,1.0,0.0,0.0,0.0,0.0,1.0,0.0,0.0,0.0,0.0,0.0,0.0,0.0,0.0,0.0,0.0,0.0,1.0,0.0
85.0,Bank B,Maintenance and new functionality release 1.1 on one application,2010.0,Banking,Finance & Risk,Plan-driven,JAVA,Major Enhancement (25-75% new),292.0,10.9,1134645.0,1.0,0.0,0.0,0.0,0.0,1.0,0.0,0.0,0.0,0.0,0.0,0.0,0.0,0.0,0.0,0.0,0.0,0.0,0.0
343.0,Bank A,Maintenance and enhancements release on an existing payments application; Release 2012.1 GBS (Core Banking System),2012.0,Banking,Payments,Plan-driven,JAVA,Major Enhancement (25-75% new),176.0,2.94,332110.0,1.0,0.0,0.0,0.0,0.0,1.0,0.0,0.0,0.0,0.0,0.0,0.0,0.0,0.0,0.0,0.0,0.0,1.0,0.0
18.0,Bank B,Maestro Release 7.0,2009.0,Banking,Organization,Plan-driven,MAESTRO,Major Enhancement (25-75% new),427.0,5.26,1127000.0,1.0,0.0,0.0,0.0,0.0,1.0,0.0,0.0,0.0,0.0,0.0,0.0,0.0,0.0,0.0,0.0,0.0,1.0,0.0
64.0,Bank B,HTC Release 9.0 - Advice O/A,2010.0,Banking,Finance & Risk,Plan-driven,POWERBUILDER,Major Enhancement (25-75% new),321.0,9.39,700734.0,1.0,0.0,0.0,0.0,0.0,1.0,0.0,0.0,0.0,0.0,0.0,0.0,0.0,0.0,0.0,1.0,0.0,0.0,0.0
108.0,Bank B,EDV (Extended Duration Treasury Vanguard) Q1 2011 Release,2011.0,Banking,Savings & Loans,Plan-driven,PRISMA,Major Enhancement (25-75% new),238.0,4.57,495156.0,1.0,0.0,0.0,0.0,0.0,1.0,0.0,0.0,0.0,0.0,0.0,0.0,0.0,0.0,0.0,0.0,0.0,0.0,0.0
155.0,Bank A,Maintenance and new functionality release on an existing callcenter application (speak-riven); release R2,2008.0,Banking,Call Center Solutions,Plan-driven,SQL,Major Enhancement (25-75% new),192.0,12.07,1515633.0,1.0,0.0,0.0,0.0,0.0,1.0,0.0,0.0,0.0,0.0,0.0,0.0,0.0,0.0,0.0,0.0,0.0,1.0,0.0
174.0,Bank A,Maintenance and new functionality release on an existing data warehouse application; Release 4&5,2009.0,Banking,Data Warehouse & BI,Plan-driven,Visual Basic,Major Enhancement (25-75% new),567.0,15.27,1186611.0,1.0,0.0,0.0,0.0,0.0,1.0,0.0,0.0,0.0,0.0,0.0,0.0,0.0,0.0,0.0,0.0,0.0,1.0,0.0
178.0,Bank A,Maintenance and enhancement release on an existing data warehouse application; Private Banking Release 1,2009.0,Banking,Data Warehouse & BI,Plan-driven,Visual Basic,Major Enhancement (25-75% new),210.0,5.94,147944.0,1.0,0.0,0.0,0.0,1.0,0.0,1.0,0.0,0.0,0.0,0.0,0.0,0.0,0.0,0.0,0.0,1.0,0.0,0.0
47.0,Bank B,OH Silo ORCA - ARC200901,2009.0,Banking,Payments,Plan-driven,COBOL,Conversion (<5% new),15.0,3.35,57333.0,1.0,0.0,0.0,0.0,0.0,1.0,0.0,0.0,0.0,0.0,0.0,0.0,0.0,0.0,0.0,0.0,0.0,0.0,0.0
15.0,Bank B,Maintenance Cheques,2008.0,Banking,Payments,Plan-driven,JAVA,Conversion (<5% new),35.0,6.27,291300.0,1.0,0.0,0.0,0.0,0.0,0.0,0.0,0.0,0.0,0.0,0.0,0.0,0.0,0.0,0.0,1.0,0.0,0.0,0.0
90.0,Bank B,Realisation BBB Release 1 ,2010.0,Banking,Finance & Risk,Plan-driven,JAVA,Conversion (<5% new),1380.0,23.19,6169489.0,1.0,0.0,0.0,0.0,0.0,1.0,0.0,0.0,0.0,0.0,0.0,0.0,0.0,0.0,0.0,0.0,0.0,0.0,0.0
160.0,Bank A,Maintenance and new functionality release on an existing data warehouse & BI application; release 2,2008.0,Banking,Data Warehouse & BI,Plan-driven,SQL,Conversion (<5% new),497.0,21.15,869011.0,1.0,0.0,0.0,0.0,0.0,1.0,0.0,0.0,0.0,0.0,0.0,0.0,0.0,0.0,0.0,0.0,0.0,0.0,0.0
5.0,Bank B,Maintenance release on one application,2008.0,Banking,Savings & Loans,Plan-driven,.NET,New Development,93.0,4.19,187880.0,1.0,0.0,0.0,0.0,0.0,1.0,0.0,0.0,0.0,0.0,0.0,0.0,0.0,0.0,0.0,0.0,0.0,0.0,0.0
2.0,Bank B,Maintenance on an existing Care application,2008.0,Banking,Payments,Plan-driven,.NET,New Development,75.0,3.81,343250.0,1.0,0.0,0.0,0.0,0.0,0.0,0.0,0.0,0.0,0.0,0.0,0.0,0.0,0.0,0.0,0.0,0.0,0.0,0.0
1.0,Bank B,Small maintenance release,2009.0,Banking,Payments,Plan-driven,COBOL,New Development,47.0,4.9,489620.0,1.0,0.0,0.0,0.0,0.0,0.0,0.0,0.0,0.0,0.0,0.0,0.0,0.0,0.0,0.0,0.0,0.0,0.0,0.0
3.0,Bank B,Maintenance release on one application,2009.0,Banking,Payments,Plan-driven,JAVA,New Development,128.0,7.48,989570.0,1.0,0.0,0.0,0.0,0.0,1.0,0.0,0.0,0.0,0.0,0.0,0.0,0.0,0.0,0.0,0.0,0.0,0.0,0.0
7.0,Bank B,RIBB release 3.8,2009.0,Banking,Savings & Loans,Plan-driven,JAVA,Minor Enhancement (5-25% new),107.0,6.55,212130.0,1.0,0.0,0.0,0.0,0.0,1.0,0.0,0.0,0.0,0.0,0.0,0.0,0.0,0.0,0.0,0.0,0.0,0.0,0.0
8.0,Bank B,Realisation Anonymous Release  3.0,2009.0,Banking,Client and Account Management,Plan-driven,.NET,Major Enhancement (25-75% new),56.0,3.58,458370.0,1.0,0.0,0.0,0.0,0.0,1.0,0.0,0.0,0.0,0.0,0.0,0.0,0.0,0.0,0.0,0.0,0.0,0.0,0.0
4.0,Bank B,Maintenance release on one application,2008.0,Banking,Savings & Loans,Plan-driven,Pakket,Major Enhancement (25-75% new),131.0,4.38,1115640.0,1.0,0.0,0.0,0.0,0.0,1.0,0.0,0.0,0.0,0.0,0.0,0.0,0.0,0.0,0.0,0.0,0.0,0.0,0.0
